device,strategy,candidate_id,family,policy_label,n_runs,renewal_annual_cost,median_annual_cost,p90_annual_cost,median_lifetime_days,p10_lifetime_days,p90_lifetime_days,right_censored_share,eol_within_2y_probability,medium_maintenances_per_year,major_maintenances_per_year,mean_simulated_permeability,mean_annual_below_threshold_days,label,medium_gap,major_gap,medium_between_major,medium_trigger,major_trigger,fouling_trigger,reserve_threshold,min_gap,max_gap,damage_share
A1,当前固定方案,BASELINE,当前固定方案,按历史固定维护规律继续,300,120.24747858629468,122.21347309065833,215.1782389791992,1186.0,590.7,1852.3,0.0,0.2466666666666666,4.87402467102081,1.230620562132222,60.45969889854229,10.236666666666666,,,,,,,,,,,0.2
A2,当前固定方案,BASELINE,当前固定方案,按历史固定维护规律继续,300,264.5300012501287,240.95358353339924,456.19960645161296,508.0,249.8,664.7000000000002,0.0,0.9566666666666668,5.8472875884282205,0.4378079361110703,38.15678927150058,15.25,,,,,,,,,,,0.2
A3,当前固定方案,BASELINE,当前固定方案,按历史固定维护规律继续,300,92.9621607304111,91.98220568959766,153.7391976169326,1792.0,883.3000000000001,2393.6000000000004,0.0,0.0733333333333333,5.050031011931581,1.3200040155267032,55.14237608334628,31.45,,,,,,,,,,,0.2
A4,当前固定方案,BASELINE,当前固定方案,按历史固定维护规律继续,300,88.6046166800908,88.7192989443351,108.57847383631848,1887.0,1412.1,2468.1,0.0,0.0066666666666666,5.311972405569096,1.2799166309271015,70.58823338086688,18.53333333333333,,,,,,,,,,,0.2
A5,当前固定方案,BASELINE,当前固定方案,按历史固定维护规律继续,300,323.24420101411584,334.3978201634878,419.3122743682311,367.0,289.0,492.2000000000001,0.0,1.0,3.526161754089948,2.2300590552893182,37.777873138183935,1.4633333333333334,,,,,,,,,,,0.2
A6,当前固定方案,BASELINE,当前固定方案,按历史固定维护规律继续,300,123.29203440391086,121.98419595402068,159.77203482045704,1278.0,882.7,1658.1,0.0,0.07,3.931083762615644,2.091778148654332,56.0671485571798,28.576666666666668,,,,,,,,,,,0.2
A7,当前固定方案,BASELINE,当前固定方案,按历史固定维护规律继续,300,143.8897242621099,143.6757255386036,226.6150602191105,934.0,538.9,1294.3000000000002,0.0,0.28,5.413499152662053,0.965867285694111,47.19737767048645,34.68,,,,,,,,,,,0.2
A8,当前固定方案,BASELINE,当前固定方案,按历史固定维护规律继续,300,273.40901371311946,280.7859375,375.5872641509434,435.0,316.0,587.0,0.0,0.99,5.087615734705887,1.107304601083046,40.52933722518398,5.546666666666667,,,,,,,,,,,0.2
A9,当前固定方案,BASELINE,当前固定方案,按历史固定维护规律继续,300,74.55703253232824,71.31990027236643,201.16142230388093,2463.0,616.0,3864.1,0.0,0.17,5.564273276767957,0.8569773854290602,53.87544798566757,35.11333333333334,,,,,,,,,,,0.2
A10,当前固定方案,BASELINE,当前固定方案,按历史固定维护规律继续,300,439.736150167858,441.1712560318707,505.5862306874161,267.0,231.9,312.1,0.0,1.0,4.70119730436183,1.5338843947821563,35.781976501771034,1.0,,,,,,,,,,,0.2
A1,推荐混合方案,S32,状态触发,堵塞损失≥20触发，维护后储备阈值50，冷却21日,300,80.14900078459071,81.46841947518377,98.82578335463576,1779.0,1412.6,2363.3,0.0,0.0,6.74540714068567,0.0059840970198295,64.61246234644778,14.223333333333333,堵塞损失≥20触发，维护后储备阈值50，冷却21日,,,4.0,,,20.0,50.0,21.0,150.0,0.2
A2,推荐混合方案,S29,状态触发,堵塞损失≥10触发，维护后储备阈值50，冷却35日,300,190.86628649679187,192.8909023668639,232.53605587234247,676.0,542.0,898.0,0.0,0.6933333333333334,10.021036765346317,0.1449250466946028,43.995418034401,12.16,堵塞损失≥10触发，维护后储备阈值50，冷却35日,,,4.0,,,10.0,50.0,35.0,150.0,0.2
A3,推荐混合方案,S32,状态触发,堵塞损失≥20触发，维护后储备阈值50，冷却21日,300,69.36588244669822,70.31037463895333,84.96924839384762,2093.0,1663.9,2750.1,0.0,0.0,5.833478148511512,0.08308509716415,56.42454353295604,28.336666666666662,堵塞损失≥20触发，维护后储备阈值50，冷却21日,,,4.0,,,20.0,50.0,21.0,150.0,0.2
A4,推荐混合方案,S32,状态触发,堵塞损失≥20触发，维护后储备阈值50，冷却21日,300,67.49442454901563,68.43552468452464,83.833850871791,2089.0,1672.6,2746.3,0.0,0.0,5.492696101672291,0.0481962926990936,70.66516349725316,25.44333333333333,堵塞损失≥20触发，维护后储备阈值50，冷却21日,,,4.0,,,20.0,50.0,21.0,150.0,0.2
A5,推荐混合方案,S32,状态触发,堵塞损失≥20触发，维护后储备阈值50，冷却21日,300,203.28805644604387,208.53033350313407,248.9536513291342,577.0,485.9,716.1000000000003,0.0,0.9133333333333332,6.244133069836118,0.0,46.2352047381494,2.3633333333333333,堵塞损失≥20触发，维护后储备阈值50，冷却21日,,,4.0,,,20.0,50.0,21.0,150.0,0.2
A6,推荐混合方案,S32,状态触发,堵塞损失≥20触发，维护后储备阈值50，冷却21日,300,91.87977682067346,93.54350173705184,115.74576663545854,1459.0,1257.9,2005.1,0.0,0.0,6.375110937092144,0.1040802009919081,58.40581009118949,26.84,堵塞损失≥20触发，维护后储备阈值50，冷却21日,,,4.0,,,20.0,50.0,21.0,150.0,0.2
A7,推荐混合方案,S29,状态触发,堵塞损失≥10触发，维护后储备阈值50，冷却35日,300,120.2632252243344,117.03033432538751,149.09066370486823,1262.0,917.8,1513.200000000003,0.0,0.0033333333333333,9.766364670110992,0.056180423371979,50.812654272562014,19.276666666666667,堵塞损失≥10触发，维护后储备阈值50，冷却35日,,,4.0,,,10.0,50.0,35.0,150.0,0.2
A8,推荐混合方案,S29,状态触发,堵塞损失≥10触发，维护后储备阈值50，冷却35日,300,223.66390319258497,225.53688524590163,268.06625313406767,560.0,462.0,684.2,0.0,0.96,9.7177887303222,0.0881285861409445,46.335836550925,1.55,堵塞损失≥10触发，维护后储备阈值50，冷却35日,,,4.0,,,10.0,50.0,35.0,150.0,0.2
A9,推荐混合方案,S33,状态触发,堵塞损失≥20触发，维护后储备阈值50，冷却35日,300,57.04679410791789,54.30410160771704,81.874091562549,3267.0,2502.8,4221.1,0.0,0.0033333333333333,5.797988745102884,0.574995117829686,55.20193702514223,42.02,堵塞损失≥20触发，维护后储备阈值50，冷却35日,,,4.0,,,20.0,50.0,35.0,150.0,0.2
A10,推荐混合方案,S29,状态触发,堵塞损失≥10触发，维护后储备阈值50，冷却35日,300,382.3751452081316,384.224025974026,430.4026895053476,308.0,272.0,356.20000000000005,0.0,1.0,9.56635204904808,0.0078573733462407,36.48640075537109,1.0,堵塞损失≥10触发，维护后储备阈值50，冷却35日,,,4.0,,,10.0,50.0,35.0,150.0,0.2
A1,当前固定方案,BASELINE,当前固定方案,按历史固定维护规律继续,100,119.61737566468565,117.05167767397384,206.96363039134783,1239.0,614.2,1909.1000000000004,0.0,0.22,4.852522101312085,1.2386859391205571,60.351240166269974,10.72,,,,,,,,,,,0.0
A1,推荐混合方案,S32,状态触发,堵塞损失≥20触发，维护后储备阈值50，冷却21日,100,82.62251031481377,83.5996871733749,102.28563972493772,1758.0,1341.8,2103.5,0.0,0.0,6.781474311874753,0.028901260385463177,64.45044332663558,18.59,堵塞损失≥20触发，维护后储备阈值50，冷却21日,,,4.0,,,20.0,50.0,21.0,150.0,0.0
A2,当前固定方案,BASELINE,当前固定方案,按历史固定维护规律继续,100,264.57469680264603,235.34638268454302,462.12787524366485,517.0,246.6,672.4000000000001,0.0,0.98,5.879437706725468,0.44297133406835715,37.85696539887029,16.22,,,,,,,,,,,0.0
A2,推荐混合方案,S29,状态触发,堵塞损失≥10触发，维护后储备阈值50，冷却35日,100,185.190100545141,187.34844709598175,225.58269294498862,705.0,574.0,904.1,0.0,0.56,9.879446654057963,0.2641291650442232,44.05677181423561,16.16,堵塞损失≥10触发，维护后储备阈值50，冷却35日,,,4.0,,,10.0,50.0,35.0,150.0,0.0
A3,当前固定方案,BASELINE,当前固定方案,按历史固定维护规律继续,100,93.1992791686888,90.8283724446397,151.6949174382099,1807.0,895.7,2390.8,0.0,0.07,5.007081275514574,1.3012989237488939,54.80907959813541,30.25,,,,,,,,,,,0.0
A3,推荐混合方案,S32,状态触发,堵塞损失≥20触发，维护后储备阈值50，冷却21日,100,73.02428020986233,71.36028239609104,92.9706840099192,2019.0,1474.4,2395.3,0.0,0.0,5.786952780973539,0.110486422422343,56.18709657963118,29.23,堵塞损失≥20触发，维护后储备阈值50，冷却21日,,,4.0,,,20.0,50.0,21.0,150.0,0.0
A4,当前固定方案,BASELINE,当前固定方案,按历史固定维护规律继续,100,85.30130123713678,85.86624300636322,100.1577816726782,2004.0,1621.3,2741.3,0.0,0.01,5.323677190629515,1.2750891241426578,70.98406959468466,19.26,,,,,,,,,,,0.0
A4,推荐混合方案,S32,状态触发,堵塞损失≥20触发，维护后储备阈值50，冷却21日,100,69.91995197190865,70.18889591979698,84.50915818645038,2008.0,1637.6,2734.7000000000003,0.0,0.0,5.358074088046664,0.07066368728053629,70.2775139557599,33.23,堵塞损失≥20触发，维护后储备阈值50，冷却21日,,,4.0,,,20.0,50.0,21.0,150.0,0.0
A5,当前固定方案,BASELINE,当前固定方案,按历史固定维护规律继续,100,309.33594819220144,320.2506338376551,401.094277810134,382.0,302.9,516.5,0.0,1.0,3.5355276581979247,2.17221365118073,38.80260673727451,1.11,,,,,,,,,,,0.0
A5,推荐混合方案,S32,状态触发,堵塞损失≥20触发，维护后储备阈值50，冷却21日,100,208.66084076941777,214.40725255639686,245.09089710535565,557.0,482.4,678.0000000000001,0.0,0.93,6.144356966771988,0.0,45.980097195926874,2.74,堵塞损失≥20触发，维护后储备阈值50，冷却21日,,,4.0,,,20.0,50.0,21.0,150.0,0.0
A6,当前固定方案,BASELINE,当前固定方案,按历史固定维护规律继续,100,117.25675695509551,118.03352518959913,149.4501975385064,1325.0,946.1,1709.4,0.0,0.03,3.929465681346181,2.0880312181232434,56.59729911022859,28.33,,,,,,,,,,,0.0
A6,推荐混合方案,S32,状态触发,堵塞损失≥20触发，维护后储备阈值50，冷却21日,100,95.10474574885546,97.67636705871197,111.1897244618214,1405.0,1257.9,1784.8000000000002,0.0,0.0,6.121341563113146,0.1741845160235448,58.25998877541753,23.56,堵塞损失≥20触发，维护后储备阈值50，冷却21日,,,4.0,,,20.0,50.0,21.0,150.0,0.0
A7,当前固定方案,BASELINE,当前固定方案,按历史固定维护规律继续,100,140.29408094729493,139.07895049099835,228.81081925809005,966.0,534.0,1356.3,0.0,0.27,5.412806042804914,0.9602760547179888,47.18117825861802,30.53,,,,,,,,,,,0.0
A7,推荐混合方案,S29,状态触发,堵塞损失≥10触发，维护后储备阈值50，冷却35日,100,115.85455087998501,116.15726172183781,139.21396377720887,1269.0,983.3,1641.2,0.0,0.0,9.565501544654559,0.13962155963302753,50.81337871846374,29.89,堵塞损失≥10触发，维护后储备阈值50，冷却35日,,,4.0,,,10.0,50.0,35.0,150.0,0.0
A8,当前固定方案,BASELINE,当前固定方案,按历史固定维护规律继续,100,253.84152540635822,247.13837636538256,369.24687980598605,498.0,320.5,643.9000000000001,0.0,0.98,5.045985610920941,1.1754002090720888,41.57976684416522,11.32,,,,,,,,,,,0.0
A8,推荐混合方案,S29,状态触发,堵塞损失≥10触发，维护后储备阈值50，冷却35日,100,207.83665415965842,209.82671630276684,244.07126263786765,613.0,516.7,735.4000000000001,0.0,0.88,9.451416742139992,0.18902833484279985,47.38465907849024,3.0,堵塞损失≥10触发，维护后储备阈值50，冷却35日,,,4.0,,,10.0,50.0,35.0,150.0,0.0
A9,当前固定方案,BASELINE,当前固定方案,按历史固定维护规律继续,100,75.06192950984011,73.94062123161345,233.84939196940726,2378.0,524.8,3938.3000000000025,0.0,0.19,5.562997942278266,0.8495455864506937,53.418626930518094,41.91,,,,,,,,,,,0.0
A9,推荐混合方案,S33,状态触发,堵塞损失≥20触发，维护后储备阈值50，冷却35日,100,58.72234203019758,55.5485242524608,80.33327345149891,3486.0,2507.5,4231.2,0.0,0.0,5.8192132498991915,0.7113099060619185,55.038815638511494,45.17,堵塞损失≥20触发，维护后储备阈值50，冷却35日,,,4.0,,,20.0,50.0,35.0,150.0,0.0
A10,当前固定方案,BASELINE,当前固定方案,按历史固定维护规律继续,100,426.65046396201984,435.5237186585462,482.00239357614873,271.0,243.9,315.3,0.0,1.0,4.702902460077687,1.5369820889080708,36.075758833535374,1.0,,,,,,,,,,,0.0
A10,推荐混合方案,S29,状态触发,堵塞损失≥10触发，维护后储备阈值50，冷却35日,100,379.9511187552241,381.20577869710934,428.3760649257952,308.0,273.7,352.1,0.0,1.0,9.229296598726934,0.0,36.492831648153675,1.0,堵塞损失≥10触发，维护后储备阈值50，冷却35日,,,4.0,,,10.0,50.0,35.0,150.0,0.0
A1,当前固定方案,BASELINE,当前固定方案,按历史固定维护规律继续,100,130.84051923861065,135.09712211618006,230.37768186003686,1016.0,543.0,1697.1000000000001,0.0,0.34,4.877536883270935,1.2219228416799495,59.331477459372394,7.14,,,,,,,,,,,0.4
A1,推荐混合方案,S32,状态触发,堵塞损失≥20触发，维护后储备阈值50，冷却21日,100,81.22806354009076,83.00988905683828,103.61299291148369,1762.0,1361.2,2359.5,0.0,0.0,7.055301585213444,0.0,64.60081968504689,11.98,堵塞损失≥20触发，维护后储备阈值50，冷却21日,,,4.0,,,20.0,50.0,21.0,150.0,0.4
A2,当前固定方案,BASELINE,当前固定方案,按历史固定维护规律继续,100,273.9877453228174,282.6006029624765,479.2209015809714,409.0,237.8,647.3000000000001,0.0,0.96,5.912199651504037,0.41871102347762296,37.26923110602637,19.41,,,,,,,,,,,0.4
A2,推荐混合方案,S29,状态触发,堵塞损失≥10触发，维护后储备阈值50，冷却35日,100,200.44370701513068,198.76798830202057,247.10853669190448,650.0,510.0,895.1,0.0,0.78,9.964408528198074,0.25678587803759745,43.57871036857362,11.18,堵塞损失≥10触发，维护后储备阈值50，冷却35日,,,4.0,,,10.0,50.0,35.0,150.0,0.4
A3,当前固定方案,BASELINE,当前固定方案,按历史固定维护规律继续,100,99.40860186376331,98.30670133962899,174.33819519851258,1630.0,737.9,2366.4,0.0,0.09,4.998966144771109,1.3041777791722886,54.618352977745936,24.34,,,,,,,,,,,0.4
A3,推荐混合方案,S32,状态触发,堵塞损失≥20触发，维护后储备阈值50，冷却21日,100,68.10457058073155,69.48585845081303,90.13317546443794,2152.0,1641.5,2760.9000000000005,0.0,0.0,6.020695177005963,0.03965331620421051,56.42633931634457,33.64,堵塞损失≥20触发，维护后储备阈值50，冷却21日,,,4.0,,,20.0,50.0,21.0,150.0,0.4
A4,当前固定方案,BASELINE,当前固定方案,按历史固定维护规律继续,100,96.3635066092381,97.71720459055953,119.89814308637729,1646.0,1237.7,2160.7000000000003,0.0,0.02,5.327127580573297,1.2737368186543891,69.98728320757253,11.82,,,,,,,,,,,0.4
A4,推荐混合方案,S32,状态触发,堵塞损失≥20触发，维护后储备阈值50，冷却21日,100,69.86012155537256,70.81143237106839,89.41000055300559,2006.0,1616.5,2736.1,0.0,0.0,5.63938054156533,0.040218837970853516,70.6060732158417,18.96,堵塞损失≥20触发，维护后储备阈值50，冷却21日,,,4.0,,,20.0,50.0,21.0,150.0,0.4
A5,当前固定方案,BASELINE,当前固定方案,按历史固定维护规律继续,100,350.2856132681923,359.3161458606064,435.10952337803553,338.0,278.6,446.1,0.0,1.0,3.433251907088369,2.2436144681580528,36.04519351154248,1.0,,,,,,,,,,,0.4
A5,推荐混合方案,S32,状态触发,堵塞损失≥20触发，维护后储备阈值50，冷却21日,100,204.98145678595543,206.9228992413927,259.40068306010926,575.0,479.3,731.4000000000001,0.0,0.89,6.671176569885213,0.0,46.14589917942257,1.58,堵塞损失≥20触发，维护后储备阈值50，冷却21日,,,4.0,,,20.0,50.0,21.0,150.0,0.4
A6,当前固定方案,BASELINE,当前固定方案,按历史固定维护规律继续,100,130.9821483665284,133.97826813239118,189.65476114475416,1134.0,711.0,1638.3,0.0,0.11,3.8815090329436774,2.119178722018443,55.825176145905615,14.69,,,,,,,,,,,0.4
A6,推荐混合方案,S32,状态触发,堵塞损失≥20触发，维护后储备阈值50，冷却21日,100,90.27222805355726,91.14402675276753,108.27494006568664,1488.0,1258.6,2005.0,0.0,0.0,6.517479071196334,0.04909148511302834,58.5446093884945,20.89,堵塞损失≥20触发，维护后储备阈值50，冷却21日,,,4.0,,,20.0,50.0,21.0,150.0,0.4
A7,当前固定方案,BASELINE,当前固定方案,按历史固定维护规律继续,100,146.34281715912905,143.21952078394622,280.5511735727591,956.0,430.5,1284.9,0.0,0.34,5.390224558516224,0.9609864766833768,46.78698546387415,32.18,,,,,,,,,,,0.4
A7,推荐混合方案,S29,状态触发,堵塞损失≥10触发，维护后储备阈值50，冷却35日,100,123.45890582116355,125.08735201168139,154.0161164912095,1145.0,895.0,1456.7000000000003,0.0,0.01,9.693425354928337,0.12994697252058415,50.49550213488621,21.01,堵塞损失≥10触发，维护后储备阈值50，冷却35日,,,4.0,,,10.0,50.0,35.0,150.0,0.4
A8,当前固定方案,BASELINE,当前固定方案,按历史固定维护规律继续,100,293.7212124510231,305.65869115164,399.06651348895724,391.0,294.0,530.6,0.0,0.99,5.150214047308085,1.1042482948773766,39.01866472133,4.38,,,,,,,,,,,0.4
A8,推荐混合方案,S29,状态触发,堵塞损失≥10触发，维护后储备阈值50，冷却35日,100,238.88695606574888,239.76456967915206,293.9306590333474,519.0,415.9,643.5,0.0,0.99,9.81345581785592,0.041789024064680984,45.06458896936579,1.16,堵塞损失≥10触发，维护后储备阈值50，冷却35日,,,4.0,,,10.0,50.0,35.0,150.0,0.4
A9,当前固定方案,BASELINE,当前固定方案,按历史固定维护规律继续,100,78.12208102467147,80.95222520973624,238.16429387307534,2046.0,515.3,3868.8,0.0,0.22,5.549992278462056,0.8495060555576353,53.440185570960836,27.91,,,,,,,,,,,0.4
A9,推荐混合方案,S33,状态触发,堵塞损失≥20触发，维护后储备阈值50，冷却35日,100,56.50437848189414,52.50215042102549,88.27762082705166,3482.0,2467.9,4589.0,0.0,0.0,5.930649373259052,0.5765320334261838,55.22494949806716,46.46,堵塞损失≥20触发，维护后储备阈值50，冷却35日,,,4.0,,,20.0,50.0,35.0,150.0,0.4
A10,当前固定方案,BASELINE,当前固定方案,按历史固定维护规律继续,100,457.34101302123696,462.8447458621541,520.8737982062781,255.0,225.0,304.1,0.0,1.0,4.6710781274221045,1.5570260424740348,35.41816119571682,1.0,,,,,,,,,,,0.4
A10,推荐混合方案,S29,状态触发,堵塞损失≥10触发，维护后储备阈值50，冷却35日,100,387.1798029154138,390.56435643564356,440.0413661995899,303.0,265.9,351.20000000000005,0.0,1.0,9.68158419401229,0.0,36.4265358839687,1.0,堵塞损失≥10触发，维护后储备阈值50，冷却35日,,,4.0,,,10.0,50.0,35.0,150.0,0.4
