event_id,device,event_date,maintenance_type,counterfactual_gain_3d,effective_duration_days,duration_censored,duration_status,duration_threshold,duration_followup_days,effective_duration_days_10pct,duration_censored_10pct,effective_duration_days_30pct,duration_censored_30pct
1,A1,2024-07-19,中维护,12.90805674977374,72.0,True,right_censored,2.5816113499547484,72,72.0,True,72.0,True
2,A1,2024-10-01,中维护,7.095746599027971,61.0,True,right_censored,1.4191493198055944,61,61.0,True,61.0,True
3,A1,2024-12-02,大维护,19.49767661317065,49.0,True,right_censored,3.8995353226341303,49,49.0,True,49.0,True
4,A1,2025-01-21,中维护,26.191881366128232,51.0,True,right_censored,5.238376273225647,51,51.0,True,51.0,True
5,A1,2025-03-14,中维护,32.34010939974319,56.0,True,right_censored,6.468021879948639,56,56.0,True,56.0,True
6,A1,2025-05-10,中维护,9.092872583562567,49.0,True,right_censored,1.8185745167125136,49,49.0,True,49.0,True
7,A1,2025-06-29,中维护,8.167787876230781,77.0,True,right_censored,1.6335575752461562,77,77.0,True,77.0,True
8,A1,2025-09-15,中维护,23.665225194498106,59.0,True,right_censored,4.733045038899621,59,59.0,True,59.0,True
9,A1,2025-11-14,大维护,4.644228383087565,13.0,False,threshold_crossed,0.928845676617513,65,14.0,False,12.0,False
10,A1,2026-01-19,中维护,57.01790081962044,46.0,True,right_censored,11.40358016392409,46,46.0,True,46.0,True
11,A1,2026-03-07,中维护,34.56358032597917,34.0,True,right_censored,6.912716065195834,34,34.0,True,34.0,True
12,A10,2024-05-25,中维护,23.036669128527866,60.0,True,right_censored,4.607333825705573,60,60.0,True,60.0,True
13,A10,2024-07-25,大维护,8.763296137290359,67.0,True,right_censored,1.752659227458072,67,67.0,True,67.0,True
14,A10,2024-10-01,中维护,5.369066781237994,49.0,True,right_censored,1.0738133562475989,49,49.0,True,49.0,True
15,A10,2024-11-20,中维护,7.01383933626973,49.0,False,threshold_crossed,1.402767867253946,58,51.0,False,44.0,False
16,A10,2025-01-18,中维护,28.78235730951602,36.0,True,right_censored,5.756471461903204,36,36.0,True,36.0,True
17,A10,2025-02-24,中维护,21.288129392825713,45.0,True,right_censored,4.257625878565142,45,45.0,True,45.0,True
18,A10,2025-04-11,大维护,15.599015489869714,54.0,True,right_censored,3.119803097973943,54,54.0,True,54.0,True
19,A10,2025-06-05,中维护,19.548685466976707,74.0,True,right_censored,3.9097370933953415,74,74.0,True,74.0,True
20,A10,2025-08-19,中维护,5.71643362409679,33.0,False,threshold_crossed,1.143286724819358,73,34.0,False,33.0,False
21,A10,2025-11-01,中维护,15.841168256362975,60.0,True,right_censored,3.1682336512725953,60,60.0,True,56.0,False
22,A10,2026-01-01,大维护,14.118331402933526,42.0,True,right_censored,2.823666280586705,42,42.0,True,42.0,True
23,A10,2026-02-13,中维护,22.79271990048396,40.0,True,right_censored,4.558543980096792,40,40.0,True,40.0,True
24,A10,2026-03-26,中维护,25.90824289315754,16.0,True,right_censored,5.181648578631508,16,16.0,True,16.0,True
25,A2,2024-06-04,中维护,22.5813416097829,72.0,True,right_censored,4.51626832195658,72,72.0,True,72.0,True
26,A2,2024-08-16,中维护,19.28737714643201,78.0,True,right_censored,3.8574754292864024,78,78.0,True,78.0,True
27,A2,2024-11-03,中维护,18.20321217636489,58.0,True,right_censored,3.6406424352729783,58,58.0,True,58.0,True
28,A2,2025-01-01,中维护,12.147142870989535,49.0,True,right_censored,2.429428574197907,49,49.0,True,49.0,True
29,A2,2025-02-20,中维护,23.213206222409088,45.0,True,right_censored,4.642641244481818,45,45.0,True,45.0,True
30,A2,2025-04-07,中维护,15.936545192182743,50.0,True,right_censored,3.187309038436549,50,50.0,True,50.0,True
31,A2,2025-05-28,中维护,16.51983981150101,53.0,True,right_censored,3.3039679623002023,53,53.0,True,53.0,True
32,A2,2025-07-21,中维护,19.218687119466896,76.0,True,right_censored,3.8437374238933795,76,76.0,True,76.0,True
33,A2,2025-10-06,大维护,17.515161776882838,64.0,True,right_censored,3.503032355376568,64,64.0,True,64.0,True
34,A2,2025-12-10,大维护,19.14304363692554,49.0,True,right_censored,3.828608727385108,49,49.0,True,49.0,True
35,A2,2026-01-29,大维护,21.812360465128716,41.0,True,right_censored,4.362472093025743,41,41.0,True,41.0,True
36,A2,2026-03-12,中维护,15.479270283673337,29.0,True,right_censored,3.0958540567346677,29,29.0,True,29.0,True
37,A3,2024-05-29,中维护,,,False,nonpositive_initial_gain,,49,,False,,False
38,A3,2024-07-18,中维护,5.6216453400930675,73.0,True,right_censored,1.1243290680186135,73,73.0,True,73.0,True
39,A3,2024-09-30,中维护,,,False,nonpositive_initial_gain,,60,,False,,False
40,A3,2024-11-30,中维护,22.915375904373807,47.0,True,right_censored,4.583075180874761,47,47.0,True,47.0,True
41,A3,2025-01-17,中维护,26.91519953271907,46.0,True,right_censored,5.383039906543814,46,46.0,True,46.0,True
42,A3,2025-03-05,中维护,18.66027332611137,61.0,True,right_censored,3.732054665222274,61,61.0,True,61.0,True
43,A3,2025-05-06,中维护,23.717816170441324,56.0,True,right_censored,4.743563234088265,56,56.0,True,56.0,True
44,A3,2025-07-02,大维护,10.316661561756453,74.0,True,right_censored,2.0633323123512906,74,74.0,True,74.0,True
45,A3,2025-09-15,中维护,31.986214869002783,62.0,True,right_censored,6.397242973800557,62,62.0,True,62.0,True
46,A3,2025-11-17,大维护,20.693098058093597,63.0,True,right_censored,4.1386196116187195,63,63.0,True,63.0,True
47,A3,2026-01-20,中维护,27.40173993039836,34.0,True,right_censored,5.480347986079672,34,34.0,True,34.0,True
48,A3,2026-02-24,中维护,17.16015957315376,39.0,True,right_censored,3.432031914630752,39,39.0,True,39.0,True
49,A3,2026-04-05,中维护,12.935220700043567,5.0,True,right_censored,2.5870441400087136,5,5.0,True,5.0,True
50,A4,2024-05-28,中维护,46.332769948001214,48.0,True,right_censored,9.266553989600244,48,48.0,True,48.0,True
51,A4,2024-07-16,中维护,27.231851647854374,66.0,True,right_censored,5.446370329570875,66,66.0,True,66.0,True
52,A4,2024-09-21,中维护,24.818718247849457,59.0,True,right_censored,4.963743649569892,59,59.0,True,59.0,True
53,A4,2024-11-20,中维护,17.57659580440209,58.0,True,right_censored,3.515319160880418,58,58.0,True,58.0,True
54,A4,2025-01-18,中维护,42.02647564228916,32.0,True,right_censored,8.405295128457832,32,32.0,True,32.0,True
55,A4,2025-02-20,中维护,25.637590279463993,48.0,True,right_censored,5.127518055892799,48,48.0,True,48.0,True
56,A4,2025-04-10,中维护,6.663923110517156,54.0,True,right_censored,1.3327846221034312,54,54.0,True,54.0,True
57,A4,2025-06-04,中维护,9.201967445777763,62.0,True,right_censored,1.8403934891555527,62,62.0,True,62.0,True
58,A4,2025-08-06,中维护,23.4529127419694,64.0,True,right_censored,4.69058254839388,64,64.0,True,64.0,True
59,A4,2025-10-10,中维护,5.675649678228258,59.0,True,right_censored,1.1351299356456517,59,59.0,True,59.0,True
60,A4,2025-12-09,中维护,23.046957407953382,42.0,True,right_censored,4.609391481590676,42,42.0,True,42.0,True
61,A4,2026-01-21,中维护,32.27600428714228,49.0,True,right_censored,6.455200857428456,49,49.0,True,49.0,True
62,A4,2026-03-12,中维护,29.26491245381247,29.0,True,right_censored,5.8529824907624945,29,29.0,True,29.0,True
64,A5,2024-07-18,中维护,8.657308534072166,64.0,True,right_censored,1.7314617068144333,64,64.0,True,64.0,True
65,A5,2024-09-21,大维护,6.177614686726126,63.0,True,right_censored,1.2355229373452252,63,63.0,True,63.0,True
66,A5,2024-11-24,中维护,32.122495926078706,57.0,True,right_censored,6.424499185215741,57,57.0,True,57.0,True
67,A5,2025-01-21,中维护,31.655703562047467,34.0,True,right_censored,6.331140712409494,34,34.0,True,34.0,True
68,A5,2025-02-25,中维护,10.400587977315203,48.0,True,right_censored,2.0801175954630406,48,48.0,True,48.0,True
69,A5,2025-04-15,中维护,7.435069884288609,59.0,True,right_censored,1.487013976857722,59,59.0,True,59.0,True
70,A5,2025-06-14,中维护,18.553779955331773,65.0,True,right_censored,3.710755991066355,65,65.0,True,65.0,True
71,A5,2025-08-19,中维护,5.108311781719891,26.0,False,threshold_crossed,1.0216623563439782,78,30.0,False,23.0,False
72,A5,2025-11-06,中维护,16.4528635013184,62.0,True,right_censored,3.2905727002636804,62,62.0,True,62.0,True
73,A5,2026-01-08,中维护,28.13602468248688,48.0,True,right_censored,5.627204936497376,48,48.0,True,48.0,True
74,A5,2026-02-26,中维护,22.941659854461676,35.0,True,right_censored,4.588331970892336,35,35.0,True,35.0,True
75,A5,2026-04-03,中维护,33.483396465206155,7.0,True,right_censored,6.696679293041232,7,7.0,True,7.0,True
76,A6,2024-06-06,中维护,27.137515111590258,81.0,True,right_censored,5.427503022318052,81,81.0,True,81.0,True
77,A6,2024-08-27,中维护,29.829164698843357,69.0,True,right_censored,5.965832939768672,69,69.0,True,69.0,True
78,A6,2024-11-06,大维护,24.41182676490793,54.0,True,right_censored,4.882365352981586,54,54.0,True,54.0,True
79,A6,2024-12-31,中维护,43.620318869521306,49.0,True,right_censored,8.72406377390426,49,49.0,True,49.0,True
80,A6,2025-02-19,大维护,25.753105618771254,50.0,True,right_censored,5.150621123754251,50,50.0,True,50.0,True
81,A6,2025-04-11,中维护,26.39057100390781,53.0,True,right_censored,5.2781142007815625,53,53.0,True,53.0,True
82,A6,2025-06-04,中维护,27.944067410728227,79.0,True,right_censored,5.588813482145646,79,79.0,True,79.0,True
83,A6,2025-08-23,中维护,36.71365638503457,70.0,True,right_censored,7.342731277006914,70,70.0,True,70.0,True
84,A6,2025-11-02,中维护,20.08755820349633,61.0,True,right_censored,4.017511640699266,61,61.0,True,61.0,True
85,A6,2026-01-03,中维护,24.23724131909981,42.0,True,right_censored,4.847448263819962,42,42.0,True,42.0,True
86,A6,2026-02-15,中维护,17.77035431310881,37.0,True,right_censored,3.5540708626217623,37,37.0,True,37.0,True
87,A6,2026-03-25,中维护,15.902317686726434,16.0,True,right_censored,3.180463537345287,16,16.0,True,16.0,True
89,A7,2024-07-04,中维护,18.15248849343223,81.0,True,right_censored,3.630497698686446,81,81.0,True,81.0,True
90,A7,2024-09-24,中维护,35.522023334009155,58.0,True,right_censored,7.104404666801831,58,58.0,True,58.0,True
91,A7,2024-11-22,中维护,19.19792173799294,58.0,True,right_censored,3.839584347598588,58,58.0,True,58.0,True
92,A7,2025-01-20,中维护,3.982409433480593,34.0,True,right_censored,0.7964818866961186,34,34.0,True,34.0,True
93,A7,2025-02-24,中维护,29.407761081306692,50.0,True,right_censored,5.881552216261339,50,50.0,True,50.0,True
94,A7,2025-04-16,大维护,20.17146323208853,60.0,True,right_censored,4.034292646417707,60,60.0,True,60.0,True
95,A7,2025-06-16,中维护,5.687944280619344,76.0,True,right_censored,1.1375888561238687,76,76.0,True,76.0,True
96,A7,2025-09-01,中维护,6.120370845834382,26.0,False,threshold_crossed,1.2240741691668766,46,30.0,False,23.0,False
97,A7,2025-10-18,中维护,24.102947405657353,64.0,True,right_censored,4.820589481131471,64,64.0,True,64.0,True
98,A7,2025-12-22,中维护,6.414260730388112,25.0,False,threshold_crossed,1.2828521460776225,47,26.0,False,24.0,False
99,A7,2026-02-08,大维护,29.77107007850921,44.0,True,right_censored,5.954214015701843,44,44.0,True,44.0,True
100,A7,2026-03-25,中维护,18.223056365054354,16.0,True,right_censored,3.644611273010871,16,16.0,True,16.0,True
101,A8,2024-06-02,中维护,16.227940479260234,68.0,True,right_censored,3.245588095852047,68,68.0,True,68.0,True
102,A8,2024-08-10,中维护,5.22590231871133,41.0,False,threshold_crossed,1.045180463742266,81,42.0,False,38.0,False
103,A8,2024-10-31,中维护,30.416346122085937,63.0,True,right_censored,6.0832692244171875,63,63.0,True,63.0,True
104,A8,2025-01-03,中维护,2.8041439488402418,11.0,False,threshold_crossed,0.5608287897680484,40,12.0,False,11.0,False
105,A8,2025-02-13,中维护,29.170336968859615,41.0,True,right_censored,5.834067393771924,41,41.0,True,41.0,True
106,A8,2025-03-27,中维护,13.807689806937125,46.0,True,right_censored,2.7615379613874254,46,46.0,True,46.0,True
107,A8,2025-05-13,中维护,23.722934037813918,53.0,True,right_censored,4.744586807562784,53,53.0,True,53.0,True
108,A8,2025-07-06,中维护,5.518967766239214,63.0,True,right_censored,1.103793553247843,63,63.0,True,63.0,True
109,A8,2025-09-08,中维护,2.7050112661167893,26.0,False,threshold_crossed,0.5410022532233579,55,32.0,False,26.0,False
110,A8,2025-11-03,中维护,28.14615901982513,54.0,True,right_censored,5.629231803965027,54,54.0,True,54.0,True
111,A8,2025-12-28,中维护,11.277701673599935,29.0,False,threshold_crossed,2.255540334719987,42,39.0,False,27.0,False
112,A8,2026-02-09,中维护,18.494024533475297,49.0,True,right_censored,3.6988049066950595,49,49.0,True,49.0,True
113,A8,2026-03-31,中维护,20.255120852058266,10.0,True,right_censored,4.051024170411654,10,10.0,True,10.0,True
114,A9,2024-05-30,中维护,26.06281712986273,63.0,True,right_censored,5.212563425972546,63,63.0,True,63.0,True
115,A9,2024-08-02,中维护,8.728935272150812,73.0,True,right_censored,1.7457870544301626,73,73.0,True,73.0,True
116,A9,2024-10-15,中维护,19.694637926692163,60.0,True,right_censored,3.938927585338433,60,60.0,True,60.0,True
117,A9,2024-12-15,中维护,9.402570494831116,27.0,False,threshold_crossed,1.8805140989662232,46,29.0,False,22.0,False
118,A9,2025-01-31,中维护,,,False,nonpositive_initial_gain,,46,,False,,False
119,A9,2025-03-19,中维护,18.099938950159252,56.0,True,right_censored,3.6199877900318507,56,56.0,True,56.0,True
120,A9,2025-05-15,大维护,16.876644646982623,54.0,True,right_censored,3.3753289293965247,54,54.0,True,54.0,True
121,A9,2025-07-09,中维护,18.80039553838844,64.0,True,right_censored,3.7600791076776883,64,64.0,True,64.0,True
122,A9,2025-09-12,中维护,24.81793719370887,64.0,True,right_censored,4.963587438741775,64,64.0,True,64.0,True
123,A9,2025-11-16,中维护,21.295591629359574,53.0,True,right_censored,4.259118325871915,53,53.0,True,53.0,True
124,A9,2026-01-09,中维护,11.921634480069315,44.0,True,right_censored,2.3843268960138633,44,44.0,True,44.0,True
125,A9,2026-02-23,中维护,30.567816661700352,36.0,True,right_censored,6.113563332340071,36,36.0,True,36.0,True
126,A9,2026-04-01,大维护,18.86174521956559,9.0,True,right_censored,3.7723490439131186,9,9.0,True,9.0,True
