pre_observations,pre_slope_per_day,naive_gain_3d,counterfactual_gain_3d,effect_day7,effect_day14,effect_day30,retention_day30,event_id,device,event_date,maintenance_type
19,-0.313609359460092,11.275031551505876,12.90805674977374,13.102307850350034,13.982983820598088,15.782490299657319,1.2226852271883577,1,A1,2024-07-19,中维护
20,-0.2618325695488203,6.159718665607443,7.095746599027971,7.425319772162385,8.641224765779333,11.718211739296763,1.6514416877431912,2,A1,2024-10-01,中维护
20,-0.09722517960597771,19.214323763557616,19.49767661317065,19.182471607649845,17.032824174563192,12.620118851822504,0.6472627022287175,3,A1,2024-12-02,大维护
21,-0.3945895848867099,25.235176679854746,26.191881366128232,26.257445610639063,26.55603037643499,25.951026833015113,0.9908042293813764,4,A1,2025-01-21,中维护
14,-0.2745544791970417,31.053076632348038,32.34010939974319,31.66953585398095,29.988161168734546,27.987243379600386,0.8654034849932397,5,A1,2025-03-14,中维护
17,-0.4086126555660285,6.857358380498326,9.092872583562567,8.871447568393151,8.037201483421825,9.031873797831672,0.993291582481738,6,A1,2025-05-10,中维护
20,-0.28413813656985937,6.330223922054884,8.167787876230781,7.786826682039847,7.718390103580058,7.542878468331541,0.9234909846621018,7,A1,2025-06-29,中维护
21,-0.5863408969833326,22.236330632669507,23.665225194498106,23.59629668338824,24.630343432226848,29.949566861299097,1.2655517374185827,8,A1,2025-09-15,中维护
21,-0.15566621211221449,3.6613192400466943,4.644228383087565,2.8292335259232346,0.22690323730107878,-2.7692811399386947,-0.5962844441550972,9,A1,2025-11-14,大维护
20,-0.745807160422364,55.3268075187056,57.01790081962044,57.73082676927984,59.4460081783637,60.98715874533053,1.0696142416443404,10,A1,2026-01-19,中维护
20,-0.6631105737925116,31.24665888918541,34.56358032597917,35.285750145484855,36.59655472186819,40.20563904494492,1.1632371029202953,11,A1,2026-03-07,中维护
11,-0.4286317545036458,21.478544083997036,23.036669128527866,23.69778787225223,24.91543272593639,26.60598219311585,1.154940501366487,12,A10,2024-05-25,中维护
21,-0.2769356792360669,6.795283008205303,8.763296137290359,8.677061081077415,8.725016131315797,11.238830908243564,1.282489000961532,13,A10,2024-07-25,大维护
21,-0.34033673852379753,3.4079111600749883,5.369066781237994,5.454759272088157,5.220874068247108,5.464730222141444,1.0178175174199253,14,A10,2024-10-01,中维护
20,-0.287969986986635,4.570077671047386,7.01383933626973,7.287574426356002,7.152126235474512,4.942350489760958,0.7046569293658099,15,A10,2024-11-20,中维护
21,-0.5261947966169311,27.20087239508665,28.78235730951602,28.49512045751444,28.854399410849283,24.91580402145475,0.8656623831577926,16,A10,2025-01-18,中维护
21,-0.8275308816668552,17.297395118967202,21.288129392825713,22.907600797327596,26.02579440889,31.531072803077137,1.481157513712942,17,A10,2025-02-24,中维护
19,-0.38249036918742974,13.844489250590485,15.599015489869714,15.748276860745753,15.55302597505337,15.261142651798721,0.9783401177920226,18,A10,2025-04-11,大维护
21,-0.4502260286023149,17.40423509809048,19.548685466976707,20.17588333925959,21.009362380691584,23.183953556950502,1.1859597207246901,19,A10,2025-06-05,中维护
21,-0.17693586454357774,4.91126626280635,5.71643362409679,6.37652308490807,6.361402207039004,2.539602791022478,0.4442634967923277,20,A10,2025-08-19,中维护
21,-0.22621158015575712,14.68695922720162,15.841168256362975,17.03181238879764,16.773611598614544,11.018103942586013,0.6955360718525501,21,A10,2025-11-01,中维护
19,-0.4943461468982327,12.413348770812505,14.118331402933526,13.98402604316504,13.157768993948485,11.857746535903107,0.8398830001567529,22,A10,2026-01-01,大维护
20,-0.5671635644370389,19.944243104039295,22.79271990048396,20.442904201272047,18.344772718356495,19.725660816930322,0.8654368984068236,23,A10,2026-02-13,中维护
21,-0.49947243474031305,23.48833062064071,25.90824289315754,26.56650213475232,28.062903734990876,,,24,A10,2026-03-26,中维护
19,-0.3861606463220812,21.562519300304032,22.5813416097829,21.9699123563402,23.21815648416786,23.160367002415185,1.0256417622406206,25,A2,2024-06-04,中维护
21,-0.10615572473273222,17.083379504593907,19.28737714643201,20.415581511009954,20.521853624347603,18.991572316404877,0.9846632941440742,26,A2,2024-08-16,中维护
21,-0.08397308415674992,17.6618849485951,18.20321217636489,18.967223109072176,18.421563060034106,14.376661900994478,0.7897870860210695,27,A2,2024-11-03,中维护
19,-0.2842870107472569,11.10464112145523,12.147142870989535,11.597534370030811,10.245198086993208,7.003820477994978,0.5765817157483083,28,A2,2025-01-01,中维护
16,-0.5788531576953166,21.251837354612633,23.213206222409088,22.857637443033347,23.7648466420838,25.858057647776747,1.1139373596230937,29,A2,2025-02-20,中维护
20,-0.3395619414450522,14.380589526206762,15.936545192182743,15.931286519198418,15.955025027303003,16.349372145112703,1.0259044195559062,30,A2,2025-04-07,中维护
21,-0.5154022690926505,14.944585451026228,16.51983981150101,17.160040463696447,18.645174257154444,19.82351813971519,1.1999824675003312,31,A2,2025-05-28,中维护
21,-0.3818843943724256,18.574842571592143,19.218687119466896,18.96739886972805,20.048679823137007,22.977520762984305,1.1955822278676898,32,A2,2025-07-21,中维护
19,-0.31266191000497023,15.224149210576321,17.515161776882838,17.73480743182035,19.279901952720813,19.92427949825102,1.1375447028155816,33,A2,2025-10-06,大维护
21,-0.2865872582348653,16.935641095810702,19.14304363692554,18.21963359881294,16.957385951811514,15.221459544033685,0.795143125238068,34,A2,2025-12-10,大维护
20,-0.6451151093547571,19.94138557893909,21.812360465128716,21.66490510315461,20.32748335199268,19.463132614901646,0.8922983207625436,35,A2,2026-01-29,大维护
21,-0.5437053607657124,12.504661511232413,15.479270283673337,16.528163246031585,17.502687608944075,17.489036531976357,1.1298359813784509,36,A2,2026-03-12,中维护
15,-0.47101041972765556,,,10.360612204802404,11.527313979376412,13.24967175811793,,37,A3,2024-05-29,中维护
21,-0.3637560640712593,5.224024815322565,5.6216453400930675,6.455628279726343,8.242562628070289,9.27049572266148,1.6490716083679524,38,A3,2024-07-18,中维护
21,-0.3697852325161394,,,9.080997708461558,9.638294416444529,11.758714189083001,,39,A3,2024-09-30,中维护
21,-0.2948328557404404,21.915769689254788,22.915375904373807,22.246004060518565,21.6925727028508,20.576299145193317,0.8979254466982567,40,A3,2024-11-30,中维护
20,-0.39317141626035934,24.421986170808083,26.91519953271907,25.00086022757538,23.477367358712613,20.757917253525846,0.77123400955255,41,A3,2025-01-17,中维护
21,-0.5464931884870949,16.22344332515371,18.66027332611137,19.805181726624806,21.48023702198053,24.439535160697943,1.3097093881524038,42,A3,2025-03-05,中维护
21,-0.3683298240286036,22.00593511168472,23.717816170441324,23.814311771587676,23.874866050446876,23.811259225871503,1.0039397832734125,43,A3,2025-05-06,中维护
21,-0.31613494293836375,9.128692674497643,10.316661561756453,10.859239870498666,11.244695130045127,13.197727167007152,1.2792633632502515,44,A3,2025-07-02,大维护
21,-0.4228169300684032,29.767219163043862,31.986214869002783,32.661415444532395,33.176970997204705,36.172986768526634,1.1308930086498346,45,A3,2025-09-15,中维护
21,-0.3429993447647911,18.642738125757788,20.693098058093597,20.653028851769243,19.695466872885966,17.463752791963884,0.8439409479883737,46,A3,2025-11-17,大维护
21,-0.5244202905330957,24.808917102770465,27.40173993039836,26.409749042158097,23.93679988647986,19.460183309940753,0.7101805709918598,47,A3,2026-01-20,中维护
21,-0.7843679564222066,13.40683369605145,17.16015957315376,19.016736838706088,22.236872030598406,29.49235747564076,1.7186528685770572,48,A3,2026-02-24,中维护
21,-0.3790093809820473,11.596093071708964,12.935220700043567,12.7901689048809,,,,49,A3,2026-04-05,中维护
14,-0.5509128276025365,44.25113278999707,46.332769948001214,47.7429095988729,47.92188631301494,50.66967484125962,1.0936034020440752,50,A4,2024-05-28,中维护
16,-0.33083439407116655,27.19573117278651,27.231851647854374,26.929023408790762,27.56032199957611,27.802522228493785,1.0209559962362815,51,A4,2024-07-16,中维护
21,-0.6677301945404694,22.71248156995358,24.818718247849457,26.219409745371383,30.07513903374475,34.30683340701427,1.3822967433053057,52,A4,2024-09-21,中维护
21,-0.39358942066084457,16.489786248645643,17.57659580440209,18.64514601969151,19.63030822257403,22.611120904481307,1.2864334570871974,53,A4,2024-11-20,中维护
21,-0.541117343479204,39.253996492746026,42.02647564228916,42.66994301952809,43.87264332619529,45.636793032852445,1.0859057852314984,54,A4,2025-01-18,中维护
17,-0.5700565400008877,23.258590530757616,25.637590279463993,25.433528332086446,26.688178325858186,29.578955496994876,1.1537338406054474,55,A4,2025-02-20,中维护
21,-0.3622759603860605,6.153575697713222,6.663923110517156,6.942139259086292,6.97114304904612,9.580032949077207,1.4375965613945605,56,A4,2025-04-10,中维护
21,-0.33202862014200996,8.044838883801617,9.201967445777763,8.975927558220997,8.967673829175045,9.303583634712016,1.0110428763775814,57,A4,2025-06-04,中维护
21,-0.22132250304703088,20.977385130808017,23.4529127419694,24.12775980341265,23.87381842708028,23.53043400411088,1.0033054001860824,58,A4,2025-08-06,中维护
18,-0.23576934911648806,3.873391608121949,5.675649678228258,5.740297075059675,6.3506617323573575,7.58041510383315,1.3356030645992045,59,A4,2025-10-10,中维护
21,-0.13372950120376678,23.07484652507003,23.046957407953382,22.03153578388793,19.944824570913763,15.42473802083233,0.6692743752591539,60,A4,2025-12-09,中维护
20,-0.4720638371259998,31.372042347652666,32.27600428714228,31.83813326909879,30.789578332444314,29.47920254391664,0.9133473363572517,61,A4,2026-01-21,中维护
21,-0.44692268756796144,26.258488523077474,29.26491245381247,29.712923198064278,30.1704890529976,31.655829808226972,1.0816991118011365,62,A4,2026-03-12,中维护
21,-0.39608298614514664,7.099384498818253,8.657308534072166,9.814460918796467,11.42590396714283,14.326848974764138,1.6548848777167435,64,A5,2024-07-18,中维护
21,-0.30362049664172364,6.1158576770842075,6.177614686726126,4.939481748680086,4.768677643463542,7.22697131092249,1.1698643695682611,65,A5,2024-09-21,大维护
20,-0.01584368425759332,32.465519660801505,32.122495926078706,30.39904414574488,30.243382074277974,26.031721688271592,0.810389135021656,66,A5,2024-11-24,中维护
21,-0.49894180984083225,30.197144290033904,31.655703562047467,31.009183218184454,31.972907889113216,29.601743560804966,0.9351156420448343,67,A5,2025-01-21,中维护
20,-0.7332606734420994,7.849351839739711,10.400587977315203,11.987484533653014,15.001376107758892,19.128858813413892,1.8392093653874169,68,A5,2025-02-25,中维护
20,-0.40132672583654044,5.79899474061655,7.435069884288609,7.449645953215847,6.84308258172396,5.407338811505138,0.7272747796132537,69,A5,2025-04-15,中维护
21,-0.3932494873990714,16.135283862880726,18.553779955331773,19.21447111151634,18.882724335170202,18.570324696589587,1.0008917180918198,70,A5,2025-06-14,中维护
21,-0.12674039354843813,4.369347411885727,5.108311781719891,4.887463599765411,4.385091122357577,0.6268501143035934,0.12271179620374355,71,A5,2025-08-19,中维护
21,-0.1981074203232092,14.608515981734534,16.4528635013184,15.774019558133324,15.011108741584014,12.493345555560555,0.7593417130434127,72,A5,2025-11-06,中维护
21,-0.4138216232804983,26.57723687835132,28.13602468248688,27.311573410804197,25.937179797401853,21.644829693826697,0.7692923907370399,73,A5,2026-01-08,中维护
21,-0.718167289122903,20.769935476919315,22.941659854461676,24.290502508528853,26.8485878618278,31.626120481151275,1.378545435761077,74,A5,2026-02-26,中维护
21,-0.423903108015249,32.466069432323934,33.483396465206155,33.56987027267508,,,,75,A5,2026-04-03,中维护
20,-0.48035962570675084,24.433976155008267,27.137515111590258,28.306439398493495,29.124701795647677,32.485052288982985,1.1970533099807958,76,A6,2024-06-06,中维护
21,-0.21298440417354697,28.252455659634265,29.829164698843357,28.890720561464075,27.343498165397904,23.661694860253633,0.7932402767272638,77,A6,2024-08-27,中维护
20,-0.34990477685874166,22.891109486797674,24.41182676490793,23.241863246929988,23.59593678571399,22.67785961790702,0.9289702010546179,78,A6,2024-11-06,大维护
18,-0.5479782530857475,41.17544132229288,43.620318869521306,44.05074701690744,45.01872811282375,45.03042406491737,1.0323267970510261,79,A6,2024-12-31,中维护
18,-0.6424141099057508,23.97553218851165,25.753105618771254,26.40301765801213,27.468084136318488,30.528235607004977,1.1854195784741846,80,A6,2025-02-19,大维护
21,-0.42553006095037205,24.645582078042978,26.39057100390781,26.685903145136376,26.53210969270674,28.1673031926408,1.0673245072442692,81,A6,2025-04-11,中维护
21,-0.4801595697819129,24.20716223147255,27.944067410728227,28.215397426730696,29.784741801215784,30.967033655045636,1.1081791780661407,82,A6,2025-06-04,中维护
21,-0.24862985740921761,35.756587819991296,36.71365638503457,37.654518455808294,39.16584276947905,39.048313395549236,1.063590969693401,83,A6,2025-08-23,中维护
20,-0.28159877051353444,18.938515540001575,20.08755820349633,20.269457863557317,19.479397744788166,19.893480735841653,0.9903384241285784,84,A6,2025-11-02,中维护
21,-0.3765440781636329,22.709898994425174,24.23724131909981,22.47275153515989,20.174301150387375,15.71332102820828,0.6483130988932154,85,A6,2026-01-03,中维护
21,-0.6989904910065612,14.838280606588228,17.77035431310881,17.655537474355384,18.96123728867202,23.131985686687607,1.3017177530120283,86,A6,2026-02-15,中维护
21,-0.39268733456595706,13.753720158156796,15.902317686726434,15.346370796998253,15.15855236426891,,,87,A6,2026-03-25,中维护
21,-0.39782045914268105,16.890589103777472,18.15248849343223,18.632416349074777,19.556527101937693,22.49051001732646,1.2389766849577553,89,A7,2024-07-04,中维护
21,-0.3132847250707444,33.21963155041779,35.522023334009155,36.48954289078271,37.43864956218048,36.962154065489685,1.0405419116456054,90,A7,2024-09-24,中维护
19,-0.3250216415869588,17.454205324057014,19.19792173799294,18.731563279687474,19.285154864493407,19.678470714248103,1.025031301971825,91,A7,2024-11-22,中维护
20,-0.4426989434407437,2.7973367243310605,3.982409433480593,3.0339131385412315,3.357835210251693,3.599813183803814,0.903928449330135,92,A7,2025-01-20,中维护
21,-0.4333509973856263,27.99480676879105,29.407761081306692,29.24360468742408,29.92998454810431,31.283855403589776,1.0637958910607324,93,A7,2025-02-24,中维护
21,-0.3741865145061366,18.07428779628441,20.17146323208853,20.54983209870032,21.70439629002913,23.150221016980016,1.1476718744009067,94,A7,2025-04-16,大维护
21,-0.2747316981762218,4.491785705565746,5.687944280619344,4.766006503147375,4.380705063359258,2.934501173898365,0.515915949440144,95,A7,2025-06-16,中维护
21,-0.10878215537833948,5.802489049484876,6.120370845834382,4.6543084198464815,3.76675382467522,0.8326770813194528,0.1360501025662825,96,A7,2025-09-01,中维护
21,-0.1313771771710452,22.65209199183809,24.102947405657353,23.40387437574982,23.04944344847862,23.209519508142193,0.9629328362843518,97,A7,2025-10-18,中维护
20,-0.4477177879495323,4.258136333612157,6.414260730388112,5.568383713875013,4.491513016066685,0.20975277878530463,0.03270100602421457,98,A7,2025-12-22,中维护
20,-0.5337836444308967,27.931212621074792,29.77107007850921,28.64814618128163,28.31616147590021,29.281603443408255,0.9835589841476915,99,A7,2026-02-08,大维护
19,-0.4385136656701061,16.480168720691772,18.223056365054354,17.527269378252015,17.5760721341502,,,100,A7,2026-03-25,中维护
19,-0.3180635616207894,14.109843549799209,16.227940479260234,16.321367614001993,16.2282022496836,16.27644262313075,1.0029888046442188,101,A8,2024-06-02,中维护
19,-0.23355186534863426,4.656929893409142,5.22590231871133,4.586413637772244,6.044126994304856,4.670906188053419,0.8937989849770538,102,A8,2024-08-10,中维护
21,-0.2478139441952227,28.42562870735337,30.416346122085937,30.66478566190913,30.570624260816572,32.451510232588035,1.0669102101328445,103,A8,2024-10-31,中维护
21,-0.30522768161811104,3.1629502350039473,2.8041439488402418,1.6461165536162838,-0.8404738224666858,-3.016355839289176,-1.0756779588782175,104,A8,2025-01-03,中维护
17,-0.4276109606416284,28.89577306534322,29.170336968859615,27.485350568695274,25.833236950649603,25.33007756357673,0.8683505298762061,105,A8,2025-02-13,中维护
21,-0.48066412902442973,11.891506515792301,13.807689806937125,14.440402612998417,15.000077545373637,16.741820552518988,1.2124997582222425,106,A8,2025-03-27,中维护
19,-0.3865163400696393,21.38745643552825,23.722934037813918,23.80585459690893,22.53074133781162,23.159572417208352,0.9762524475384209,107,A8,2025-05-13,中维护
21,-0.30484360465164373,3.6719002845299826,5.518967766239214,5.390584262954709,5.42590971584242,4.693136916274259,0.8503649803833334,108,A8,2025-07-06,中维护
21,-0.24720730611994618,2.9269285739405717,2.7050112661167893,2.719535976270399,2.7949142751326916,0.5185335028474398,0.19169365737682367,109,A8,2025-09-08,中维护
21,-0.3090797663504782,26.060686101781116,28.14615901982513,29.151618310543846,28.946569167831985,30.61036729188998,1.0875504281180657,110,A8,2025-11-03,中维护
21,-0.3292171893302197,9.762500475921158,11.277701673599935,10.599650951537935,7.9585826189464886,2.444496703518194,0.2167548649775456,111,A8,2025-12-28,中维护
20,-0.5460309544705733,16.174797991103944,18.494024533475297,17.099277401880776,15.800262695359972,14.6434974669031,0.7917961523408541,112,A8,2026-02-09,中维护
21,-0.4003483058933853,18.59106416123344,20.255120852058266,19.895210660104404,,,,113,A8,2026-03-31,中维护
15,-0.39604022891659596,25.003463882010905,26.06281712986273,26.691473582089095,26.7847983564578,27.71720055949905,1.0634767692760554,114,A9,2024-05-30,中维护
21,-0.23674103946070363,8.428756076945533,8.728935272150812,10.26099059368243,10.993988912778187,13.185188911144156,1.510515143033627,115,A9,2024-08-02,中维护
21,-0.2669888136326011,18.519443835696052,19.694637926692163,19.898599259774784,19.830313746463418,21.167167191465836,1.0747680292602868,116,A9,2024-10-15,中维护
21,-0.26487745461256806,8.81478613861485,9.402570494831116,7.410803673055289,5.626290755377093,1.1007896423629298,0.11707326661023897,117,A9,2024-12-15,中维护
20,-0.7585271540203617,,,33.90690792358818,33.40859987815112,34.996891434519455,,118,A9,2025-01-31,中维护
21,-0.3820926111190581,16.398013262923172,18.099938950159252,17.432972018956868,17.326458351229082,16.841487167886037,0.9304720427102797,119,A9,2025-03-19,中维护
20,-0.389183540422038,15.499478282895396,16.876644646982623,16.45584353762239,16.186792750960436,16.976207287780444,1.0058994333814821,120,A9,2025-05-15,大维护
21,-0.4602010934239883,16.999492625260423,18.80039553838844,19.245235098731825,20.527839201508527,24.11456301857882,1.2826625359737462,121,A9,2025-07-09,中维护
20,-0.3879315622268263,24.181871752904485,24.81793719370887,23.583685276488687,23.04375343747632,24.173164771410434,0.974019902731405,122,A9,2025-09-12,中维护
21,-0.19475276880087516,20.366080585953497,21.295591629359574,21.00106003496551,19.63326455366152,17.1410594089845,0.8049111622403883,123,A9,2025-11-16,中维护
21,-0.5288998289718937,10.61229775790406,11.921634480069315,12.818240355805937,13.766227186156613,13.738165366737217,1.152372637301101,124,A9,2026-01-09,中维护
21,-0.6728465408212778,27.783060965702283,30.567816661700352,31.503576098844256,33.96306931835584,39.73293963047787,1.2998291657598455,125,A9,2026-02-23,中维护
20,-0.34675534919994344,18.164388439901515,18.86174521956559,18.335740161153957,,,,126,A9,2026-04-01,大维护
