scenario_id,scenario_type,purchase_factor,medium_factor,major_factor,purchase_cost,medium_cost,major_cost,optimal_factory_annual_cost,original_plan_annual_cost,absolute_regret,relative_regret,original_plan_near_optimal_5pct,replacement_rate_per_year,medium_maintenances_per_year,major_maintenances_per_year,average_median_lifetime_years,fixed_policy_devices,threshold_policy_devices,state_policy_devices
purchase_0.50,购置价单因素,0.5,1.0,1.0,150.0,3.0,12.0,860.8407348907137,862.7526221329606,1.9118872422468485,0.002220953499011136,True,4.178469779075579,73.29484363827565,1.1821447595458294,3.7984941820670777,0,0,10
medium_0.50,中维护价单因素,1.0,0.5,1.0,300.0,1.5,12.0,1365.054943348844,1371.7282327013875,6.6732893525434065,0.004888659892452422,True,4.100800077867914,86.09909998540383,0.47218916753033385,3.92580424366872,0,0,10
major_0.50,大维护价单因素,1.0,1.0,0.5,300.0,3.0,6.0,1477.8407345288042,1477.9984932380935,0.1577587092892827,0.00010674946603064275,True,4.147040550377261,75.58384841576648,1.1628373613877443,3.8559890485968515,0,0,10
purchase_0.55,购置价单因素,0.55,1.0,1.0,165.0,3.0,12.0,923.5138739590375,924.9765338425623,1.4626598835247933,0.0015837984948233379,True,4.177242709156452,73.37185940337943,1.1794373948403813,3.79958932238193,0,0,10
medium_0.55,中维护价单因素,1.0,0.55,1.0,300.0,1.6500000000000001,12.0,1377.8704980123184,1383.0545833541464,5.184085341827995,0.0037623893895009923,True,4.106200715425405,85.05697780262591,0.47218916753033385,3.92580424366872,0,0,10
major_0.55,大维护价单因素,1.0,1.0,0.55,300.0,3.0,6.6000000000000005,1478.538436945637,1478.697817837182,0.15938089154496993,0.00010779624496892946,True,4.147040550377261,75.58384841576648,1.1628373613877443,3.8559890485968515,0,0,10
purchase_0.60,购置价单因素,0.6,1.0,1.0,180.0,3.0,12.0,986.1725145963842,987.2004455521638,1.0279309557796523,0.0010423439515553309,True,4.177242709156452,73.37185940337943,1.1794373948403813,3.79958932238193,0,0,10
medium_0.60,中维护价单因素,1.0,0.6,1.0,300.0,1.7999999999999998,12.0,1390.6290446827124,1394.3809340069054,3.7518893241929163,0.0026979799814615202,True,4.106200715425405,85.05697780262591,0.47218916753033385,3.92580424366872,0,0,10
major_0.60,大维护价单因素,1.0,1.0,0.6,300.0,3.0,7.199999999999999,1479.2361393624692,1479.3971424362703,0.1610030738011119,0.00010884203645166623,True,4.147040550377261,75.58384841576648,1.1628373613877443,3.8559890485968515,0,0,10
purchase_0.65,购置价单因素,0.65,1.0,1.0,195.0,3.0,12.0,1048.5906744336758,1049.4243572617654,0.8336828280896498,0.0007950507747362014,True,4.158273256473192,74.52375290724272,1.1796775583062504,3.840109514031485,0,0,10
medium_0.65,中维护价单因素,1.0,0.65,1.0,300.0,1.9500000000000002,12.0,1403.0794259546906,1405.7072846596643,2.6278587049737325,0.0018729222710864506,True,4.1104361017605235,81.04838864727623,0.992019797028744,3.8666666666666667,0,0,10
major_0.65,大维护价单因素,1.0,1.0,0.65,300.0,3.0,7.800000000000001,1479.933841779302,1480.0964670353587,0.16262525605679912,0.00010988684187482141,True,4.147040550377261,75.58384841576648,1.1628373613877443,3.8559890485968515,0,0,10
purchase_0.70,购置价单因素,0.7,1.0,1.0,210.0,3.0,12.0,1110.9647732807734,1111.648268971367,0.6834956905936451,0.0006152271494398731,True,4.158273256473192,74.52375290724272,1.1796775583062504,3.840109514031485,0,0,10
medium_0.70,中维护价单因素,1.0,0.7,1.0,300.0,2.0999999999999996,12.0,1415.1668687518832,1417.033635312423,1.8667665605398724,0.0013191140930159573,True,4.117417533838461,79.04169536366277,1.1628373613877443,3.8636550308008215,0,0,10
major_0.70,大维护价单因素,1.0,1.0,0.7,300.0,3.0,8.399999999999999,1480.6315441961347,1480.7957916344467,0.1642474383120316,0.00011093066263234646,True,4.147040550377261,75.58384841576648,1.1628373613877443,3.8559890485968515,0,0,10
purchase_0.75,购置价单因素,0.75,1.0,1.0,225.0,3.0,12.0,1173.3388721278716,1173.8721806809685,0.5333085530969583,0.0004545221894249472,True,4.158273256473192,74.52375290724272,1.1796775583062504,3.840109514031485,0,0,10
medium_0.75,中维护价单因素,1.0,0.75,1.0,300.0,2.25,12.0,1427.0231230564325,1428.359985965182,1.336862908749481,0.0009368193739469027,True,4.117417533838461,79.04169536366277,1.1628373613877443,3.8636550308008215,0,0,10
major_0.75,大维护价单因素,1.0,1.0,0.75,300.0,3.0,9.0,1481.3292466129674,1481.495116233535,0.1658696205677188,0.00011197350011618059,True,4.147040550377261,75.58384841576648,1.1628373613877443,3.8559890485968515,0,0,10
purchase_0.80,购置价单因素,0.8,1.0,1.0,240.0,3.0,12.0,1235.7129709749695,1236.0960923905704,0.3831214156009537,0.0003100407817995739,True,4.158273256473192,74.52375290724272,1.1796775583062504,3.840109514031485,0,0,10
medium_0.80,中维护价单因素,1.0,0.8,1.0,300.0,2.4000000000000004,12.0,1438.8793773609818,1439.6863366179412,0.8069592569593169,0.0005608248124588065,True,4.117417533838461,79.04169536366277,1.1628373613877443,3.8636550308008215,0,0,10
major_0.80,大维护价单因素,1.0,1.0,0.8,300.0,3.0,9.600000000000001,1482.0269490298,1482.1944408326235,0.16749180282340603,0.00011301535571472132,True,4.147040550377261,75.58384841576648,1.1628373613877443,3.8559890485968515,0,0,10
purchase_0.85,购置价单因素,0.85,1.0,1.0,255.0,3.0,12.0,1298.0870698220672,1298.320004100172,0.23293427810472167,0.00017944426342421754,True,4.158273256473192,74.52375290724272,1.1796775583062504,3.840109514031485,0,0,10
medium_0.85,中维护价单因素,1.0,0.85,1.0,300.0,2.55,12.0,1450.7356316655314,1451.0126872706999,0.2770556051684707,0.00019097594290862926,True,4.117417533838461,79.04169536366277,1.1628373613877443,3.8636550308008215,0,0,10
major_0.85,大维护价单因素,1.0,1.0,0.85,300.0,3.0,10.2,1482.7246514466328,1482.8937654317115,0.1691139850786385,0.00011405623081375292,True,4.147040550377261,75.58384841576648,1.1628373613877443,3.8559890485968515,0,0,10
purchase_0.90,购置价单因素,0.9,1.0,1.0,270.0,3.0,12.0,1360.406542185813,1360.5439158097736,0.1373736239606842,0.00010097983191110004,True,4.147040550377261,75.58384841576648,1.1628373613877443,3.8559890485968515,0,0,10
medium_0.90,中维护价单因素,1.0,0.9,1.0,300.0,2.7,12.0,1462.1426041724008,1462.3390379234588,0.19643375105806626,0.00013434650662494808,True,4.147040550377261,75.58384841576648,1.1628373613877443,3.8559890485968515,0,0,10
major_0.90,大维护价单因素,1.0,1.0,0.9,300.0,3.0,10.8,1483.422353863465,1483.5930900307999,0.17073616733478048,0.00011509612679767876,True,4.147040550377261,75.58384841576648,1.1628373613877443,3.8559890485968515,0,0,10
purchase_0.95,购置价单因素,0.95,1.0,1.0,285.0,3.0,12.0,1422.6121504414718,1422.767827519375,0.15567707790319218,0.00010943044304442481,True,4.147040550377261,75.58384841576648,1.1628373613877443,3.8559890485968515,0,0,10
medium_0.95,中维护价单因素,1.0,0.95,1.0,300.0,2.8499999999999996,12.0,1473.4801814347657,1473.6653885762175,0.18520714145188322,0.00012569367663400958,True,4.147040550377261,75.58384841576648,1.1628373613877443,3.8559890485968515,0,0,10
major_0.95,大维护价单因素,1.0,1.0,0.95,300.0,3.0,11.399999999999999,1484.1200562802978,1484.2924146298888,0.17235834959092244,0.00011613504504676678,True,4.147040550377261,75.58384841576648,1.1628373613877443,3.8559890485968515,0,0,10
purchase_1.00,购置价单因素,1.0,1.0,1.0,300.0,3.0,12.0,1484.8177586971306,1484.9917392289767,0.17398053184615492,0.00011717298693869072,True,4.147040550377261,75.58384841576648,1.1628373613877443,3.8559890485968515,0,0,10
medium_1.00,中维护价单因素,1.0,1.0,1.0,300.0,3.0,12.0,1484.8177586971306,1484.9917392289767,0.17398053184615492,0.00011717298693869072,True,4.147040550377261,75.58384841576648,1.1628373613877443,3.8559890485968515,0,0,10
major_1.00,大维护价单因素,1.0,1.0,1.0,300.0,3.0,12.0,1484.8177586971306,1484.9917392289767,0.17398053184615492,0.00011717298693869072,True,4.147040550377261,75.58384841576648,1.1628373613877443,3.8559890485968515,0,0,10
purchase_1.05,购置价单因素,1.05,1.0,1.0,315.0,3.0,12.0,1547.0233669527897,1547.2156509385782,0.19228398578843553,0.00012429287746776706,True,4.147040550377261,75.58384841576648,1.1628373613877443,3.8559890485968515,0,0,10
medium_1.05,中维护价单因素,1.0,1.05,1.0,300.0,3.1500000000000004,12.0,1496.1553359594955,1496.3180898817357,0.16275392224019924,0.00010878143353732983,True,4.147040550377261,75.58384841576648,1.1628373613877443,3.8559890485968515,0,0,10
major_1.05,大维护价单因素,1.0,1.0,1.05,300.0,3.0,12.600000000000001,1485.5154611139633,1485.6910638280651,0.17560271410184214,0.00011820995385006669,True,4.147040550377261,75.58384841576648,1.1628373613877443,3.8559890485968515,0,0,10
purchase_1.10,购置价单因素,1.1,1.0,1.0,330.0,3.0,12.0,1609.2289752084484,1609.4395626481798,0.21058743973139826,0.000130862321630842,True,4.147040550377261,75.58384841576648,1.1628373613877443,3.8559890485968515,0,0,10
medium_1.10,中维护价单因素,1.0,1.1,1.0,300.0,3.3000000000000003,12.0,1507.4929132218606,1507.6444405344946,0.1515273126340162,0.0001005161027988963,True,4.147040550377261,75.58384841576648,1.1628373613877443,3.8559890485968515,0,0,10
major_1.10,大维护价单因素,1.0,1.0,1.1,300.0,3.0,13.200000000000001,1486.213163530796,1486.3903884271535,0.17722489635752936,0.00011924594715370186,True,4.147040550377261,75.58384841576648,1.1628373613877443,3.8559890485968515,0,0,10
purchase_1.15,购置价单因素,1.15,1.0,1.0,345.0,3.0,12.0,1671.4345834641076,1671.6634743577815,0.22889089367390625,0.00013694277714388422,True,4.147040550377261,75.58384841576648,1.1628373613877443,3.8559890485968515,0,0,10
medium_1.15,中维护价单因素,1.0,1.15,1.0,300.0,3.4499999999999997,12.0,1518.7450551716202,1518.9707911872533,0.22573601563317425,0.0001486332514232718,True,4.158273256473192,74.52375290724272,1.1796775583062504,3.840109514031485,0,0,10
major_1.15,大维护价单因素,1.0,1.0,1.15,300.0,3.0,13.799999999999999,1486.9108659476287,1487.0897130262415,0.17884707861276183,0.00012028096821982678,True,4.147040550377261,75.58384841576648,1.1628373613877443,3.8559890485968515,0,0,10
purchase_1.20,购置价单因素,1.2,1.0,1.0,360.0,3.0,12.0,1733.3494466094876,1733.8873860673834,0.5379394578958454,0.0003103468022262217,True,4.117417533838461,79.04169536366277,1.1628373613877443,3.8636550308008215,0,0,10
medium_1.20,中维护价单因素,1.0,1.2,1.0,300.0,3.5999999999999996,12.0,1529.9236181077063,1530.2971418400125,0.37352373230623925,0.0002441453467907332,True,4.158273256473192,74.52375290724272,1.1796775583062504,3.840109514031485,0,0,10
major_1.20,大维护价单因素,1.0,1.0,1.2,300.0,3.0,14.399999999999999,1487.6085683644615,1487.78903762533,0.18046926086844906,0.00012131501841701843,True,4.147040550377261,75.58384841576648,1.1628373613877443,3.8559890485968515,0,0,10
purchase_1.25,购置价单因素,1.25,1.0,1.0,375.0,3.0,12.0,1795.1107096170642,1796.1112977769847,1.0005881599204258,0.0005573963514115922,True,4.117417533838461,79.04169536366277,1.1628373613877443,3.8636550308008215,0,0,10
medium_1.25,中维护价单因素,1.0,1.25,1.0,300.0,3.75,12.0,1541.1021810437928,1541.6234924927712,0.5213114489783948,0.0003382718260935229,True,4.158273256473192,74.52375290724272,1.1796775583062504,3.840109514031485,0,0,10
major_1.25,大维护价单因素,1.0,1.0,1.25,300.0,3.0,15.0,1488.3062707812937,1488.4883622244183,0.18209144312459102,0.00012234809911067647,True,4.147040550377261,75.58384841576648,1.1628373613877443,3.8559890485968515,0,0,10
purchase_1.30,购置价单因素,1.3,1.0,1.0,390.0,3.0,12.0,1856.871972624641,1858.3352094865866,1.463236861945461,0.0007880117119099025,True,4.117417533838461,79.04169536366277,1.1628373613877443,3.8636550308008215,0,0,10
medium_1.30,中维护价单因素,1.0,1.3,1.0,300.0,3.9000000000000004,12.0,1552.2807439798794,1552.9498431455302,0.6690991656507776,0.00043104262437429974,True,4.158273256473192,74.52375290724272,1.1796775583062504,3.840109514031485,0,0,10
major_1.30,大维护价单因素,1.0,1.0,1.3,300.0,3.0,15.600000000000001,1489.0039731981265,1489.1876868235067,0.18371362538027824,0.0001233802116630305,True,4.147040550377261,75.58384841576648,1.1628373613877443,3.8559890485968515,0,0,10
purchase_1.35,购置价单因素,1.35,1.0,1.0,405.0,3.0,12.0,1918.6332356322182,1920.5591211961878,1.9258855639695867,0.0010037799451206623,True,4.117417533838461,79.04169536366277,1.1628373613877443,3.8636550308008215,0,0,10
medium_1.35,中维护价单因素,1.0,1.35,1.0,300.0,4.050000000000001,12.0,1563.4593069159657,1564.2761937982891,0.8168868823233879,0.0005224868205458799,True,4.158273256473192,74.52375290724272,1.1796775583062504,3.840109514031485,0,0,10
major_1.35,大维护价单因素,1.0,1.0,1.35,300.0,3.0,16.200000000000003,1489.7016756149592,1489.8870114225947,0.18533580763551072,0.00012441135743436875,True,4.147040550377261,75.58384841576648,1.1628373613877443,3.8559890485968515,0,0,10
purchase_1.40,购置价单因素,1.4,1.0,1.0,420.0,3.0,12.0,1980.394498639795,1982.7830329057897,2.388534265994622,0.001206090133877443,True,4.117417533838461,79.04169536366277,1.1628373613877443,3.8636550308008215,0,0,10
medium_1.40,中维护价单因素,1.0,1.4,1.0,300.0,4.199999999999999,12.0,1574.637869852052,1575.602544451048,0.9646745989959982,0.0006126326677807107,True,4.158273256473192,74.52375290724272,1.1796775583062504,3.840109514031485,0,0,10
major_1.40,大维护价单因素,1.0,1.0,1.4,300.0,3.0,16.799999999999997,1490.3993780317915,1490.586336021683,0.1869579898916527,0.00012544153778334757,True,4.147040550377261,75.58384841576648,1.1628373613877443,3.8559890485968515,0,0,10
purchase_1.45,购置价单因素,1.45,1.0,1.0,435.0,3.0,12.0,2042.155761647372,2045.0069446153911,2.8511829680192022,0.001396163319941473,True,4.117417533838461,79.04169536366277,1.1628373613877443,3.8636550308008215,0,0,10
medium_1.45,中维护价单因素,1.0,1.45,1.0,300.0,4.35,12.0,1585.8164327881386,1586.928895103807,1.112462315668381,0.0007015076226146052,True,4.158273256473192,74.52375290724272,1.1796775583062504,3.840109514031485,0,0,10
major_1.45,大维护价单因素,1.0,1.0,1.45,300.0,3.0,17.4,1491.0970804486242,1491.2856606207715,0.1885801721473399,0.00012647075406425052,True,4.147040550377261,75.58384841576648,1.1628373613877443,3.8559890485968515,0,0,10
purchase_1.50,购置价单因素,1.5,1.0,1.0,450.0,3.0,12.0,2103.9170246549484,2107.2308563249926,3.3138316700442374,0.0015750771685436218,True,4.117417533838461,79.04169536366277,1.1628373613877443,3.8636550308008215,0,0,10
medium_1.50,中维护价单因素,1.0,1.5,1.0,300.0,4.5,12.0,1596.9949957242252,1598.2552457565657,1.2602500323405366,0.0007891383728281645,True,4.158273256473192,74.52375290724272,1.1796775583062504,3.840109514031485,0,0,10
major_1.50,大维护价单因素,1.0,1.0,1.5,300.0,3.0,18.0,1491.794782865457,1491.9849852198595,0.19020235440257238,0.00012749900762974213,True,4.147040550377261,75.58384841576648,1.1628373613877443,3.8559890485968515,0,0,10
purchase_maintenance_0.50_0.50,购置价×维护价,0.5,0.5,0.5,150.0,1.5,6.0,742.4088793485653,742.4958696144884,0.08699026592307746,0.00011717298693869072,True,4.147040550377261,75.58384841576648,1.1628373613877443,3.8559890485968515,0,0,10
purchase_maintenance_0.50_0.60,购置价×维护价,0.5,0.6,0.6,150.0,1.7999999999999998,7.199999999999999,766.3774221238207,766.5472201181826,0.16979799436194298,0.00022155923368852765,True,4.158273256473192,74.52375290724272,1.1796775583062504,3.840109514031485,0,0,10
purchase_maintenance_0.50_0.70,购置价×维护价,0.5,0.7,0.7,150.0,2.0999999999999996,8.399999999999999,790.150161065961,790.5985706218772,0.44840955591621423,0.000567499164097217,True,4.158273256473192,74.52375290724272,1.1796775583062504,3.840109514031485,0,0,10
purchase_maintenance_0.50_0.80,购置价×维护价,0.5,0.8,0.8,150.0,2.4000000000000004,9.600000000000001,813.9229000081014,814.6499211255716,0.7270211174702581,0.000893230940501885,True,4.158273256473192,74.52375290724272,1.1796775583062504,3.840109514031485,0,0,10
purchase_maintenance_0.50_0.90,购置价×维护价,0.5,0.9,0.9,150.0,2.7,10.8,837.4283506268685,838.7012716292663,1.2729210023978794,0.0015200357158257384,True,4.177242709156452,73.37185940337943,1.1794373948403813,3.79958932238193,0,0,10
purchase_maintenance_0.50_1.00,购置价×维护价,0.5,1.0,1.0,150.0,3.0,12.0,860.8407348907137,862.7526221329606,1.9118872422468485,0.002220953499011136,True,4.178469779075579,73.29484363827565,1.1821447595458294,3.7984941820670777,0,0,10
purchase_maintenance_0.50_1.10,购置价×维护价,0.5,1.1,1.1,150.0,3.3000000000000003,13.200000000000001,884.2477616936513,886.8039726366551,2.556210943003748,0.0028908311151477364,True,4.178469779075579,73.29484363827565,1.1821447595458294,3.7984941820670777,0,0,10
purchase_maintenance_0.50_1.20,购置价×维护价,0.5,1.2,1.2,150.0,3.5999999999999996,14.399999999999999,907.6547884965889,910.8553231403494,3.2005346437604203,0.0035261584958546695,True,4.178469779075579,73.29484363827565,1.1821447595458294,3.7984941820670777,0,0,10
purchase_maintenance_0.50_1.30,购置价×维护价,0.5,1.3,1.3,150.0,3.9000000000000004,15.600000000000001,931.0618152995269,934.9066736440441,3.844858344517206,0.0041295414346686505,True,4.178469779075579,73.29484363827565,1.1821447595458294,3.7984941820670777,0,0,10
purchase_maintenance_0.50_1.40,购置价×维护价,0.5,1.4,1.4,150.0,4.199999999999999,16.799999999999997,954.4688421024644,958.9580241477383,4.489182045273992,0.004703330111211811,True,4.178469779075579,73.29484363827565,1.1821447595458294,3.7984941820670777,0,0,10
purchase_maintenance_0.50_1.50,购置价×维护价,0.5,1.5,1.5,150.0,4.5,18.0,977.8758689054022,983.0093746514327,5.133505746030551,0.005249649683836463,True,4.178469779075579,73.29484363827565,1.1821447595458294,3.7984941820670777,0,0,10
purchase_maintenance_0.60_0.50,购置价×维护价,0.6,0.5,0.5,180.0,1.5,6.0,866.6747233047438,866.9436930336917,0.2689697289479227,0.0003103468022262217,True,4.117417533838461,79.04169536366277,1.1628373613877443,3.8636550308008215,0,0,10
purchase_maintenance_0.60_0.60,购置价×维护价,0.6,0.6,0.6,180.0,1.7999999999999998,7.199999999999999,890.8906552182783,890.9950435373861,0.1043883191077839,0.00011717298693879281,True,4.147040550377261,75.58384841576648,1.1628373613877443,3.8559890485968515,0,0,10
purchase_maintenance_0.60_0.70,购置价×维护价,0.6,0.7,0.7,180.0,2.0999999999999996,8.399999999999999,914.898358760157,915.0463940410805,0.1480352809235228,0.00016180516612155236,True,4.158273256473192,74.52375290724272,1.1796775583062504,3.840109514031485,0,0,10
purchase_maintenance_0.60_0.80,购置价×维护价,0.6,0.8,0.8,180.0,2.4000000000000004,9.600000000000001,938.6710977022972,939.097744544775,0.42664684247779405,0.00045452218942518947,True,4.158273256473192,74.52375290724272,1.1796775583062504,3.840109514031485,0,0,10
purchase_maintenance_0.60_0.90,购置价×维护价,0.6,0.9,0.9,180.0,2.7,10.8,962.4438366444376,963.1490950484695,0.7052584040318379,0.0007327787629569355,True,4.158273256473192,74.52375290724272,1.1796775583062504,3.840109514031485,0,0,10
purchase_maintenance_0.60_1.00,购置价×维护价,0.6,1.0,1.0,180.0,3.0,12.0,986.1725145963842,987.2004455521638,1.0279309557796523,0.0010423439515553309,True,4.177242709156452,73.37185940337943,1.1794373948403813,3.79958932238193,0,0,10
purchase_maintenance_0.60_1.10,购置价×维护价,0.6,1.1,1.1,180.0,3.3000000000000003,13.200000000000001,1009.5993972912066,1011.2517960558583,1.652398764651707,0.0016366875506118124,True,4.177242709156452,73.37185940337943,1.1794373948403813,3.79958932238193,0,0,10
purchase_maintenance_0.60_1.20,购置价×维护价,0.6,1.2,1.2,180.0,3.5999999999999996,14.399999999999999,1033.0088818688564,1035.3031465595527,2.294264690696309,0.002220953499011224,True,4.178469779075579,73.29484363827565,1.1821447595458294,3.7984941820670777,0,0,10
purchase_maintenance_0.60_1.30,购置价×维护价,0.6,1.3,1.3,180.0,3.9000000000000004,15.600000000000001,1056.415908671794,1059.3544970632472,2.938588391453095,0.002781658594244108,True,4.178469779075579,73.29484363827565,1.1821447595458294,3.7984941820670777,0,0,10
purchase_maintenance_0.60_1.40,购置价×维护价,0.6,1.4,1.4,180.0,4.199999999999999,16.799999999999997,1079.8229354747318,1083.4058475669417,3.582912092209881,0.0033180551871077775,True,4.178469779075579,73.29484363827565,1.1821447595458294,3.7984941820670777,0,0,10
purchase_maintenance_0.60_1.50,购置价×维护价,0.6,1.5,1.5,180.0,4.5,18.0,1103.2299622776695,1107.457198070636,4.2272357929664395,0.003831690524647386,True,4.178469779075579,73.29484363827565,1.1821447595458294,3.7984941820670777,0,0,10
purchase_maintenance_0.70_0.50,购置价×维护价,0.7,0.5,0.5,210.0,1.5,6.0,990.1972493198975,991.3915164528948,1.194267132997311,0.001206090133877443,True,4.117417533838461,79.04169536366277,1.1628373613877443,3.8636550308008215,0,0,10
purchase_maintenance_0.70_0.60,购置价×维护价,0.7,0.6,0.6,210.0,1.7999999999999998,7.199999999999999,1015.3018717295963,1015.4428669565892,0.14099522699291356,0.0001388702522065916,True,4.147040550377261,75.58384841576648,1.1628373613877443,3.8559890485968515,0,0,10
purchase_maintenance_0.70_0.70,购置价×维护价,0.7,0.7,0.7,210.0,2.0999999999999996,8.399999999999999,1039.3724310879913,1039.4942174602836,0.12178637229226297,0.00011717298693864697,True,4.147040550377261,75.58384841576648,1.1628373613877443,3.8559890485968515,0,0,10
purchase_maintenance_0.70_0.80,购置价×维护价,0.7,0.8,0.8,210.0,2.4000000000000004,9.600000000000001,1063.419295396493,1063.5455679639783,0.12627256748533,0.00011874203151283766,True,4.158273256473192,74.52375290724272,1.1796775583062504,3.840109514031485,0,0,10
purchase_maintenance_0.70_0.90,购置价×维护价,0.7,0.9,0.9,210.0,2.7,10.8,1087.1920343386332,1087.5969184676726,0.4048841290393739,0.00037241270746218744,True,4.158273256473192,74.52375290724272,1.1796775583062504,3.840109514031485,0,0,10
purchase_maintenance_0.70_1.00,购置价×维护价,0.7,1.0,1.0,210.0,3.0,12.0,1110.9647732807734,1111.648268971367,0.6834956905936451,0.0006152271494398731,True,4.158273256473192,74.52375290724272,1.1796775583062504,3.840109514031485,0,0,10
purchase_maintenance_0.70_1.10,购置价×维护价,0.7,1.1,1.1,210.0,3.3000000000000003,13.200000000000001,1134.7375122229141,1135.6996194750616,0.9621072521474616,0.0008478676714077467,True,4.158273256473192,74.52375290724272,1.1796775583062504,3.840109514031485,0,0,10
purchase_maintenance_0.70_1.20,购置价×维护价,0.7,1.2,1.2,210.0,3.5999999999999996,14.399999999999999,1158.3435612607223,1159.750969978756,1.407408718033821,0.0012150183806452209,True,4.177242709156452,73.37185940337943,1.1794373948403813,3.79958932238193,0,0,10
purchase_maintenance_0.70_1.30,购置价×维护价,0.7,1.3,1.3,210.0,3.9000000000000004,15.600000000000001,1181.7700020440616,1183.8023204824503,2.0323184383887565,0.001719724172109238,True,4.178469779075579,73.29484363827565,1.1821447595458294,3.7984941820670777,0,0,10
purchase_maintenance_0.70_1.40,购置价×维护价,0.7,1.4,1.4,210.0,4.199999999999999,16.799999999999997,1205.1770288469993,1207.8536709861448,2.6766421391455424,0.0022209534990110984,True,4.178469779075579,73.29484363827565,1.1821447595458294,3.7984941820670777,0,0,10
purchase_maintenance_0.70_1.50,购置价×维护价,0.7,1.5,1.5,210.0,4.5,18.0,1228.5840556499368,1231.9050214898393,3.3209658399025557,0.0027030839482494523,True,4.178469779075579,73.29484363827565,1.1821447595458294,3.7984941820670777,0,0,10
purchase_maintenance_0.80_0.50,购置价×维护价,0.8,0.5,0.5,240.0,1.5,6.0,1113.7197753350513,1115.839339872098,2.119564537046699,0.0019031398956789194,True,4.117417533838461,79.04169536366277,1.1628373613877443,3.8636550308008215,0,0,10
purchase_maintenance_0.80_0.60,购置价×维护价,0.8,0.6,0.6,240.0,1.7999999999999998,7.199999999999999,1138.8276887778154,1139.8906903757925,1.0630015979770633,0.0009334174155160134,True,4.117417533838461,79.04169536366277,1.1628373613877443,3.8636550308008215,0,0,10
purchase_maintenance_0.80_0.70,购置价×维护价,0.8,0.7,0.7,240.0,2.0999999999999996,8.399999999999999,1163.7836475993095,1163.942040879487,0.1583932801775063,0.00013610199842921413,True,4.147040550377261,75.58384841576648,1.1628373613877443,3.8559890485968515,0,0,10
purchase_maintenance_0.80_0.80,购置价×维护价,0.8,0.8,0.8,240.0,2.4000000000000004,9.600000000000001,1187.8542069577045,1187.9933913831815,0.1391844254769694,0.000117172986938729,True,4.147040550377261,75.58384841576648,1.1628373613877443,3.8559890485968515,0,0,10
purchase_maintenance_0.80_0.90,购置价×维护价,0.8,0.9,0.9,240.0,2.7,10.8,1211.9247663160997,1212.044741886876,0.11997557077620513,9.89958899353927e-05,True,4.147040550377261,75.58384841576648,1.1628373613877443,3.8559890485968515,0,0,10
purchase_maintenance_0.80_1.00,购置价×维护价,0.8,1.0,1.0,240.0,3.0,12.0,1235.7129709749695,1236.0960923905704,0.3831214156009537,0.0003100407817995739,True,4.158273256473192,74.52375290724272,1.1796775583062504,3.840109514031485,0,0,10
purchase_maintenance_0.80_1.10,购置价×维护价,0.8,1.1,1.1,240.0,3.3000000000000003,13.200000000000001,1259.4857099171095,1260.1474428942647,0.6617329771552249,0.0005253993530413104,True,4.158273256473192,74.52375290724272,1.1796775583062504,3.840109514031485,0,0,10
purchase_maintenance_0.80_1.20,购置价×维护价,0.8,1.2,1.2,240.0,3.5999999999999996,14.399999999999999,1283.2584488592502,1284.198793397959,0.9403445387088141,0.0007327787629566992,True,4.158273256473192,74.52375290724272,1.1796775583062504,3.840109514031485,0,0,10
purchase_maintenance_0.80_1.30,购置价×维护价,0.8,1.3,1.3,240.0,3.9000000000000004,15.600000000000001,1307.0311878013904,1308.2501439016535,1.2189561002630853,0.0009326143948512356,True,4.158273256473192,74.52375290724272,1.1796775583062504,3.840109514031485,0,0,10
purchase_maintenance_0.80_1.40,购置价×维护价,0.8,1.4,1.4,240.0,4.199999999999999,16.799999999999997,1330.5146079250603,1332.301494405348,1.7868864802876487,0.0013430040299026113,True,4.177242709156452,73.37185940337943,1.1794373948403813,3.79958932238193,0,0,10
purchase_maintenance_0.80_1.50,购置价×维护价,0.8,1.5,1.5,240.0,4.5,18.0,1353.938149022204,1356.3528449090427,2.414695886838672,0.0017834610012152571,True,4.178469779075579,73.29484363827565,1.1821447595458294,3.7984941820670777,0,0,10
purchase_maintenance_0.90_0.50,购置价×维护价,0.9,0.5,0.5,270.0,1.5,6.0,1237.2423013502053,1240.2871632913013,3.0448619410960873,0.00246100698123013,True,4.117417533838461,79.04169536366277,1.1628373613877443,3.8636550308008215,0,0,10
purchase_maintenance_0.90_0.60,购置价×维护价,0.9,0.6,0.6,270.0,1.7999999999999998,7.199999999999999,1262.3502147929692,1264.3385137949956,1.9882990020264515,0.0015750771685435496,True,4.117417533838461,79.04169536366277,1.1628373613877443,3.8636550308008215,0,0,10
purchase_maintenance_0.90_0.70,购置价×维护价,0.9,0.7,0.7,270.0,2.0999999999999996,8.399999999999999,1287.4581282357335,1288.38986429869,0.9317360629565883,0.0007237020315630703,True,4.117417533838461,79.04169536366277,1.1628373613877443,3.8636550308008215,0,0,10
purchase_maintenance_0.90_0.80,购置价×维护价,0.9,0.8,0.8,270.0,2.4000000000000004,9.600000000000001,1312.2654234690222,1312.4412148023846,0.17579133336244013,0.00013396019602324752,True,4.147040550377261,75.58384841576648,1.1628373613877443,3.8559890485968515,0,0,10
purchase_maintenance_0.90_0.90,购置价×维护价,0.9,0.9,0.9,270.0,2.7,10.8,1336.3359828274176,1336.4925653060789,0.1565824786612211,0.00011717298693845251,True,4.147040550377261,75.58384841576648,1.1628373613877443,3.8559890485968515,0,0,10
purchase_maintenance_0.90_1.00,购置价×维护价,0.9,1.0,1.0,270.0,3.0,12.0,1360.406542185813,1360.5439158097736,0.1373736239606842,0.00010097983191110004,True,4.147040550377261,75.58384841576648,1.1628373613877443,3.8559890485968515,0,0,10
purchase_maintenance_0.90_1.10,购置价×维护价,0.9,1.1,1.1,270.0,3.3000000000000003,13.200000000000001,1384.2339076113053,1384.595266313468,0.3613587021627609,0.0002610532079699863,True,4.158273256473192,74.52375290724272,1.1796775583062504,3.840109514031485,0,0,10
purchase_maintenance_0.90_1.20,购置价×维护价,0.9,1.2,1.2,270.0,3.5999999999999996,14.399999999999999,1408.0066465534458,1408.6466168171623,0.6399702637165774,0.00045452218942510875,True,4.158273256473192,74.52375290724272,1.1796775583062504,3.840109514031485,0,0,10
purchase_maintenance_0.90_1.30,购置价×维护价,0.9,1.3,1.3,270.0,3.9000000000000004,15.600000000000001,1431.779385495586,1432.6979673208568,0.9185818252708486,0.0006415665950888776,True,4.158273256473192,74.52375290724272,1.1796775583062504,3.840109514031485,0,0,10
purchase_maintenance_0.90_1.40,购置价×维护价,0.9,1.4,1.4,270.0,4.199999999999999,16.799999999999997,1455.5521244377264,1456.7493178245513,1.1971933868248925,0.0008225012122374959,True,4.158273256473192,74.52375290724272,1.1796775583062504,3.840109514031485,0,0,10
purchase_maintenance_0.90_1.50,购置价×维护价,0.9,1.5,1.5,270.0,4.5,18.0,1479.2587718945763,1480.8006683282454,1.5418964336690806,0.001042343951555062,True,4.177242709156452,73.37185940337943,1.1794373948403813,3.79958932238193,0,0,10
purchase_maintenance_1.00_0.50,购置价×维护价,1.0,0.5,0.5,300.0,1.5,6.0,1360.5985242881634,1364.7349867105045,4.136462422341083,0.003040178530625111,True,4.1050354642030324,82.09051083005414,0.992019797028744,3.8666666666666667,0,0,10
purchase_maintenance_1.00_0.60,购置价×维护价,1.0,0.6,0.6,300.0,1.7999999999999998,7.199999999999999,1385.8727408081231,1388.786337214199,2.9135964060758397,0.0021023549423281663,True,4.117417533838461,79.04169536366277,1.1628373613877443,3.8636550308008215,0,0,10
purchase_maintenance_1.00_0.70,购置价×维护价,1.0,0.7,0.7,300.0,2.0999999999999996,8.399999999999999,1410.9806542508873,1412.8376877178935,1.8570334670062039,0.001316129644592564,True,4.117417533838461,79.04169536366277,1.1628373613877443,3.8636550308008215,0,0,10
purchase_maintenance_1.00_0.80,购置价×维护价,1.0,0.8,0.8,300.0,2.4000000000000004,9.600000000000001,1436.0885676936514,1436.8890382215877,0.8004705279363407,0.0005573963514115922,True,4.117417533838461,79.04169536366277,1.1628373613877443,3.8636550308008215,0,0,10
purchase_maintenance_1.00_0.90,购置价×维护价,1.0,0.9,0.9,300.0,2.7,10.8,1460.7471993387353,1460.9403887252824,0.19318938654714657,0.00013225381272995173,True,4.147040550377261,75.58384841576648,1.1628373613877443,3.8559890485968515,0,0,10
purchase_maintenance_1.00_1.00,购置价×维护价,1.0,1.0,1.0,300.0,3.0,12.0,1484.8177586971306,1484.9917392289767,0.17398053184615492,0.00011717298693869072,True,4.147040550377261,75.58384841576648,1.1628373613877443,3.8559890485968515,0,0,10
purchase_maintenance_1.00_1.10,购置价×维护价,1.0,1.1,1.1,300.0,3.3000000000000003,13.200000000000001,1508.888318055526,1509.0430897326712,0.15477167714516327,0.00010257331526339497,True,4.147040550377261,75.58384841576648,1.1628373613877443,3.8559890485968515,0,0,10
purchase_maintenance_1.00_1.20,购置价×维护价,1.0,1.2,1.2,300.0,3.5999999999999996,14.399999999999999,1532.7548442476414,1533.0944402363652,0.33959598872388597,0.00022155923368852765,True,4.158273256473192,74.52375290724272,1.1796775583062504,3.840109514031485,0,0,10
purchase_maintenance_1.00_1.30,购置价×维护价,1.0,1.3,1.3,300.0,3.9000000000000004,15.600000000000001,1556.5275831897816,1557.1457907400597,0.6182075502781572,0.0003971709572992395,True,4.158273256473192,74.52375290724272,1.1796775583062504,3.840109514031485,0,0,10
purchase_maintenance_1.00_1.40,购置价×维护价,1.0,1.4,1.4,300.0,4.199999999999999,16.799999999999997,1580.300322131922,1581.1971412437545,0.8968191118324285,0.000567499164097217,True,4.158273256473192,74.52375290724272,1.1796775583062504,3.840109514031485,0,0,10
purchase_maintenance_1.00_1.50,购置价×维护价,1.0,1.5,1.5,300.0,4.5,18.0,1604.0730610740625,1605.248491747449,1.1754306733864723,0.0007327787629569829,True,4.158273256473192,74.52375290724272,1.1796775583062504,3.840109514031485,0,0,10
purchase_maintenance_1.10_0.50,购置价×维护价,1.1,0.5,0.5,330.0,1.5,6.0,1483.7495882142543,1489.1828101297076,5.4332219154532595,0.0036618186509438807,True,4.1050354642030324,82.09051083005414,0.992019797028744,3.8666666666666667,0,0,10
purchase_maintenance_1.10_0.60,购置价×维护价,1.1,0.6,0.6,330.0,1.7999999999999998,7.199999999999999,1509.3952668232769,1513.234160633402,3.838893810125228,0.0025433323493883023,True,4.117417533838461,79.04169536366277,1.1628373613877443,3.8636550308008215,0,0,10
purchase_maintenance_1.10_0.70,购置价×维护价,1.1,0.7,0.7,330.0,2.0999999999999996,8.399999999999999,1534.503180266041,1537.2855111370966,2.782330871055592,0.0018131802571912635,True,4.117417533838461,79.04169536366277,1.1628373613877443,3.8636550308008215,0,0,10
purchase_maintenance_1.10_0.80,购置价×维护价,1.1,0.8,0.8,330.0,2.4000000000000004,9.600000000000001,1559.6110937088051,1561.336861640791,1.7257679319859562,0.0011065373534129106,True,4.117417533838461,79.04169536366277,1.1628373613877443,3.8636550308008215,0,0,10
purchase_maintenance_1.10_0.90,购置价×维护价,1.1,0.9,0.9,330.0,2.7,10.8,1584.7190071515697,1585.3882121444858,0.669204992916093,0.000422286215976513,True,4.117417533838461,79.04169536366277,1.1628373613877443,3.8636550308008215,0,0,10
purchase_maintenance_1.10_1.00,购置价×维护价,1.1,1.0,1.0,330.0,3.0,12.0,1609.2289752084484,1609.4395626481798,0.21058743973139826,0.000130862321630842,True,4.147040550377261,75.58384841576648,1.1628373613877443,3.8559890485968515,0,0,10
purchase_maintenance_1.10_1.10,购置价×维护价,1.1,1.1,1.1,330.0,3.3000000000000003,13.200000000000001,1633.2995345668437,1633.4909131518743,0.19137858503063399,0.0001171729869386072,True,4.147040550377261,75.58384841576648,1.1628373613877443,3.8559890485968515,0,0,10
purchase_maintenance_1.10_1.20,购置价×维护价,1.1,1.2,1.2,330.0,3.5999999999999996,14.399999999999999,1657.370093925239,1657.542263655569,0.17216973033009708,0.00010388128213556589,True,4.147040550377261,75.58384841576648,1.1628373613877443,3.8559890485968515,0,0,10
purchase_maintenance_1.10_1.30,购置价×维护价,1.1,1.3,1.3,330.0,3.9000000000000004,15.600000000000001,1681.2757808839776,1681.5936141592633,0.31783327528569316,0.00018904291544518856,True,4.158273256473192,74.52375290724272,1.1796775583062504,3.840109514031485,0,0,10
purchase_maintenance_1.10_1.40,购置价×维护价,1.1,1.4,1.4,330.0,4.199999999999999,16.799999999999997,1705.048519826118,1705.6449646629576,0.5964448368395097,0.00034981106396921507,True,4.158273256473192,74.52375290724272,1.1796775583062504,3.840109514031485,0,0,10
purchase_maintenance_1.10_1.50,购置价×维护价,1.1,1.5,1.5,330.0,4.5,18.0,1728.8212587682583,1729.6963151666523,0.8750563983940083,0.0005061578193557522,True,4.158273256473192,74.52375290724272,1.1796775583062504,3.840109514031485,0,0,10
purchase_maintenance_1.20_0.50,购置价×维护价,1.2,0.5,0.5,360.0,1.5,6.0,1606.9006521403455,1613.6306335489112,6.7299814085656635,0.004188175167893249,True,4.1050354642030324,82.09051083005414,0.992019797028744,3.8666666666666667,0,0,10
purchase_maintenance_1.20_0.60,购置价×维护价,1.2,0.6,0.6,360.0,1.7999999999999998,7.199999999999999,1632.7182291457957,1637.6819840526055,4.963754906809754,0.00304017853062539,True,4.1050354642030324,82.09051083005414,0.992019797028744,3.8666666666666667,0,0,10
purchase_maintenance_1.20_0.70,购置价×维护价,1.2,0.7,0.7,360.0,2.0999999999999996,8.399999999999999,1658.025706281195,1661.7333345562997,3.707628275104753,0.0022361705618066897,True,4.117417533838461,79.04169536366277,1.1628373613877443,3.8636550308008215,0,0,10
purchase_maintenance_1.20_0.80,购置价×维护价,1.2,0.8,0.8,360.0,2.4000000000000004,9.600000000000001,1683.133619723959,1685.784685059994,2.6510653360348897,0.0015750771685433243,True,4.117417533838461,79.04169536366277,1.1628373613877443,3.8636550308008215,0,0,10
purchase_maintenance_1.20_0.90,购置价×维护价,1.2,0.9,0.9,360.0,2.7,10.8,1708.2415331667235,1709.8360355636887,1.5945023969652539,0.0009334174155158136,True,4.117417533838461,79.04169536366277,1.1628373613877443,3.8636550308008215,0,0,10
purchase_maintenance_1.20_1.00,购置价×维护价,1.2,1.0,1.0,360.0,3.0,12.0,1733.3494466094876,1733.8873860673834,0.5379394578958454,0.0003103468022262217,True,4.117417533838461,79.04169536366277,1.1628373613877443,3.8636550308008215,0,0,10
purchase_maintenance_1.20_1.10,购置价×维护价,1.2,1.1,1.1,360.0,3.3000000000000003,13.200000000000001,1757.7107510781614,1757.9387365710775,0.2279854929161047,0.00012970592162348714,True,4.147040550377261,75.58384841576648,1.1628373613877443,3.8559890485968515,0,0,10
purchase_maintenance_1.20_1.20,购置价×维护价,1.2,1.2,1.2,360.0,3.5999999999999996,14.399999999999999,1781.7813104365566,1781.9900870747722,0.2087766382155678,0.00011717298693879281,True,4.147040550377261,75.58384841576648,1.1628373613877443,3.8559890485968515,0,0,10
purchase_maintenance_1.20_1.30,购置价×维护价,1.2,1.3,1.3,360.0,3.9000000000000004,15.600000000000001,1805.851869794952,1806.0414375784667,0.18956778351457615,0.00010497416022062811,True,4.147040550377261,75.58384841576648,1.1628373613877443,3.8559890485968515,0,0,10
purchase_maintenance_1.20_1.40,购置价×维护价,1.2,1.4,1.4,360.0,4.199999999999999,16.799999999999997,1829.796717520314,1830.092788082161,0.2960705618470456,0.00016180516612155236,True,4.158273256473192,74.52375290724272,1.1796775583062504,3.840109514031485,0,0,10
purchase_maintenance_1.20_1.50,购置价×维护价,1.2,1.5,1.5,360.0,4.5,18.0,1853.569456462454,1854.1441385858554,0.5746821234015442,0.00031004078179963526,True,4.158273256473192,74.52375290724272,1.1796775583062504,3.840109514031485,0,0,10
purchase_maintenance_1.30_0.50,购置价×维护价,1.3,0.5,0.5,390.0,1.5,6.0,1730.0517160664363,1738.078456968114,8.02674090167784,0.004639595930651129,True,4.1050354642030324,82.09051083005414,0.992019797028744,3.8666666666666667,0,0,10
purchase_maintenance_1.30_0.60,购置价×维护价,1.3,0.6,0.6,390.0,1.7999999999999998,7.199999999999999,1755.869293071887,1762.1298074718084,6.260514399921476,0.0035654786063082913,True,4.1050354642030324,82.09051083005414,0.992019797028744,3.8666666666666667,0,0,10
purchase_maintenance_1.30_0.70,购置价×维护价,1.3,0.7,0.7,390.0,2.0999999999999996,8.399999999999999,1781.5482322963487,1786.1811579755029,4.632925679154141,0.0026005053330397203,True,4.117417533838461,79.04169536366277,1.1628373613877443,3.8636550308008215,0,0,10
purchase_maintenance_1.30_0.80,购置价×维护价,1.3,0.8,0.8,390.0,2.4000000000000004,9.600000000000001,1806.656145739113,1810.2325084791976,3.5763627400845053,0.001979548099686338,True,4.117417533838461,79.04169536366277,1.1628373613877443,3.8636550308008215,0,0,10
purchase_maintenance_1.30_0.90,购置价×维护价,1.3,0.9,0.9,390.0,2.7,10.8,1831.7640591818772,1834.283858982892,2.5197998010148694,0.0013756137360508593,True,4.117417533838461,79.04169536366277,1.1628373613877443,3.8636550308008215,0,0,10
purchase_maintenance_1.30_1.00,购置价×维护价,1.3,1.0,1.0,390.0,3.0,12.0,1856.871972624641,1858.3352094865866,1.463236861945461,0.0007880117119099025,True,4.117417533838461,79.04169536366277,1.1628373613877443,3.8636550308008215,0,0,10
purchase_maintenance_1.30_1.10,购置价×维护价,1.3,1.1,1.1,390.0,3.3000000000000003,13.200000000000001,1881.9798860674052,1882.3865599902808,0.4066739228755978,0.00021608834711054522,True,4.117417533838461,79.04169536366277,1.1628373613877443,3.8636550308008215,0,0,10
purchase_maintenance_1.30_1.20,购置价×维护价,1.3,1.2,1.2,390.0,3.5999999999999996,14.399999999999999,1906.1925269478747,1906.4379104939753,0.24538354610058377,0.00012872967584941846,True,4.147040550377261,75.58384841576648,1.1628373613877443,3.8559890485968515,0,0,10
purchase_maintenance_1.30_1.30,购置价×维护价,1.3,1.3,1.3,390.0,3.9000000000000004,15.600000000000001,1930.26308630627,1930.4892609976698,0.2261746913998195,0.00011717298693859648,True,4.147040550377261,75.58384841576648,1.1628373613877443,3.8559890485968515,0,0,10
purchase_maintenance_1.30_1.40,购置价×维护价,1.3,1.4,1.4,390.0,4.199999999999999,16.799999999999997,1954.3336456646653,1954.5406115013639,0.20696583669860047,0.00010590097405205945,True,4.147040550377261,75.58384841576648,1.1628373613877443,3.8559890485968515,0,0,10
purchase_maintenance_1.30_1.50,购置价×维护价,1.3,1.5,1.5,390.0,4.5,18.0,1978.3176541566497,1978.5919620050586,0.2743078484088528,0.00013865713012897786,True,4.158273256473192,74.52375290724272,1.1796775583062504,3.840109514031485,0,0,10
purchase_maintenance_1.40_0.50,购置价×维护价,1.4,0.5,0.5,420.0,1.5,6.0,1853.202779992527,1862.5262803873175,9.323500394790472,0.005031020078023015,True,4.1050354642030324,82.09051083005414,0.992019797028744,3.8666666666666667,0,0,10
purchase_maintenance_1.40_0.60,购置价×维护价,1.4,0.6,0.6,420.0,1.7999999999999998,7.199999999999999,1879.020356997978,1886.5776308910117,7.557273893033653,0.0040219223090842676,True,4.1050354642030324,82.09051083005414,0.992019797028744,3.8666666666666667,0,0,10
purchase_maintenance_1.40_0.70,购置价×维护价,1.4,0.7,0.7,420.0,2.0999999999999996,8.399999999999999,1904.8379340034285,1910.628981394706,5.791047391277516,0.0030401785306251113,True,4.1050354642030324,82.09051083005414,0.992019797028744,3.8666666666666667,0,0,10
purchase_maintenance_1.40_0.80,购置价×维护价,1.4,0.8,0.8,420.0,2.4000000000000004,9.600000000000001,1930.1786717542668,1934.6803318984007,4.5016601441338935,0.002332250485413614,True,4.117417533838461,79.04169536366277,1.1628373613877443,3.8636550308008215,0,0,10
purchase_maintenance_1.40_0.90,购置价×维护价,1.4,0.9,0.9,420.0,2.7,10.8,1955.2865851970307,1958.7316824020952,3.445097205064485,0.0017619397745304577,True,4.117417533838461,79.04169536366277,1.1628373613877443,3.8636550308008215,0,0,10
purchase_maintenance_1.40_1.00,购置价×维护价,1.4,1.0,1.0,420.0,3.0,12.0,1980.394498639795,1982.7830329057897,2.388534265994622,0.001206090133877443,True,4.117417533838461,79.04169536366277,1.1628373613877443,3.8636550308008215,0,0,10
purchase_maintenance_1.40_1.10,购置价×维护价,1.4,1.1,1.1,420.0,3.3000000000000003,13.200000000000001,2005.5024120825592,2006.834383409484,1.3319713269247586,0.0006641584267862383,True,4.117417533838461,79.04169536366277,1.1628373613877443,3.8636550308008215,0,0,10
purchase_maintenance_1.40_1.20,购置价×维护价,1.4,1.2,1.2,420.0,3.5999999999999996,14.399999999999999,2030.6037434591926,2030.8857339131785,0.2819904539858271,0.0001388702522065916,True,4.147040550377261,75.58384841576648,1.1628373613877443,3.8559890485968515,0,0,10
purchase_maintenance_1.40_1.30,购置价×维护价,1.4,1.3,1.3,420.0,3.9000000000000004,15.600000000000001,2054.6743028175874,2054.937084416873,0.2627815992855176,0.00012789452757800277,True,4.147040550377261,75.58384841576648,1.1628373613877443,3.8559890485968515,0,0,10
purchase_maintenance_1.40_1.40,购置价×维护价,1.4,1.4,1.4,420.0,4.199999999999999,16.799999999999997,2078.7448621759827,2078.988434920567,0.24357274458452594,0.00011717298693864697,True,4.147040550377261,75.58384841576648,1.1628373613877443,3.8559890485968515,0,0,10
purchase_maintenance_1.40_1.50,购置价×维护价,1.4,1.5,1.5,420.0,4.5,18.0,2102.8154215343784,2103.039785424262,0.22436388988353428,0.00010669690149020349,True,4.147040550377261,75.58384841576648,1.1628373613877443,3.8559890485968515,0,0,10
purchase_maintenance_1.50_0.50,购置价×维护价,1.5,0.5,0.5,450.0,1.5,6.0,1976.3538439186182,1986.9741038065204,10.620259887902193,0.005373663183129626,True,4.1050354642030324,82.09051083005414,0.992019797028744,3.8666666666666667,0,0,10
purchase_maintenance_1.50_0.60,购置价×维护价,1.5,0.6,0.6,450.0,1.7999999999999998,7.199999999999999,2002.1714209240686,2011.025454310215,8.854033386146511,0.004422215447496539,True,4.1050354642030324,82.09051083005414,0.992019797028744,3.8666666666666667,0,0,10
purchase_maintenance_1.50_0.70,购置价×维护价,1.5,0.7,0.7,450.0,2.0999999999999996,8.399999999999999,2027.9889979295199,2035.0768048139096,7.087806884389693,0.003494992769500232,True,4.1050354642030324,82.09051083005414,0.992019797028744,3.8666666666666667,0,0,10
purchase_maintenance_1.50_0.80,购置价×维护价,1.5,0.8,0.8,450.0,2.4000000000000004,9.600000000000001,2053.7011977694206,2059.1281553176036,5.426957548183054,0.002642525384937895,True,4.117417533838461,79.04169536366277,1.1628373613877443,3.8636550308008215,0,0,10
purchase_maintenance_1.50_0.90,购置价×维护价,1.5,0.9,0.9,450.0,2.7,10.8,2078.8091112121847,2083.1795058212983,4.370394609113646,0.0021023549423281117,True,4.117417533838461,79.04169536366277,1.1628373613877443,3.8636550308008215,0,0,10
purchase_maintenance_1.50_1.00,购置价×维护价,1.5,1.0,1.0,450.0,3.0,12.0,2103.9170246549484,2107.2308563249926,3.3138316700442374,0.0015750771685436218,True,4.117417533838461,79.04169536366277,1.1628373613877443,3.8636550308008215,0,0,10
purchase_maintenance_1.50_1.10,购置价×维护价,1.5,1.1,1.1,450.0,3.3000000000000003,13.200000000000001,2129.024938097713,2131.2822068286873,2.257268730974374,0.0010602359279977469,True,4.117417533838461,79.04169536366277,1.1628373613877443,3.8636550308008215,0,0,10
purchase_maintenance_1.50_1.20,购置价×维护价,1.5,1.2,1.2,450.0,3.5999999999999996,14.399999999999999,2154.1328515404766,2155.3335573323816,1.2007057919049657,0.0005573963514118035,True,4.117417533838461,79.04169536366277,1.1628373613877443,3.8636550308008215,0,0,10
purchase_maintenance_1.50_1.30,购置价×维护价,1.5,1.3,1.3,450.0,3.9000000000000004,15.600000000000001,2179.0855193289053,2179.3849078360763,0.2993885071709883,0.0001373918116179264,True,4.147040550377261,75.58384841576648,1.1628373613877443,3.8559890485968515,0,0,10
purchase_maintenance_1.50_1.40,购置价×维护价,1.5,1.4,1.4,450.0,4.199999999999999,16.799999999999997,2203.1560786873006,2203.4362583397706,0.28017965246999665,0.00012717194899643025,True,4.147040550377261,75.58384841576648,1.1628373613877443,3.8559890485968515,0,0,10
purchase_maintenance_1.50_1.50,购置价×维护价,1.5,1.5,1.5,450.0,4.5,18.0,2227.226638045696,2227.487608843465,0.260970797769005,0.00011717298693858864,True,4.147040550377261,75.58384841576648,1.1628373613877443,3.8559890485968515,0,0,10
medium_major_0.50_0.50,中维护价×大维护价,1.0,0.5,0.5,300.0,1.5,6.0,1360.5985242881634,1364.7349867105045,4.136462422341083,0.003040178530625111,True,4.1050354642030324,82.09051083005414,0.992019797028744,3.8666666666666667,0,0,10
medium_major_0.50_0.60,中维护价×大维护价,1.0,0.5,0.6,300.0,1.5,7.199999999999999,1361.7889480445979,1366.133635908681,4.344687864083198,0.0031904267326605677,True,4.1050354642030324,82.09051083005414,0.992019797028744,3.8666666666666667,0,0,10
medium_major_0.50_0.70,中维护价×大维护价,1.0,0.5,0.7,300.0,1.5,8.399999999999999,1362.9793718010324,1367.5322851068577,4.552913305825314,0.003340412481671768,True,4.1050354642030324,82.09051083005414,0.992019797028744,3.8666666666666667,0,0,10
medium_major_0.50_0.80,中维护价×大维护价,1.0,0.5,0.8,300.0,1.5,9.600000000000001,1363.9216893467715,1368.9309343050343,5.009244958262798,0.0036726778358234743,True,4.100800077867914,86.09909998540383,0.47218916753033385,3.92580424366872,0,0,10
medium_major_0.50_0.90,中维护价×大维护价,1.0,0.5,0.9,300.0,1.5,10.8,1364.4883163478078,1370.3295835032109,5.841267155403102,0.004280921342762281,True,4.100800077867914,86.09909998540383,0.47218916753033385,3.92580424366872,0,0,10
medium_major_0.50_1.00,中维护价×大维护价,1.0,0.5,1.0,300.0,1.5,12.0,1365.054943348844,1371.7282327013875,6.6732893525434065,0.004888659892452422,True,4.100800077867914,86.09909998540383,0.47218916753033385,3.92580424366872,0,0,10
medium_major_0.50_1.10,中维护价×大维护价,1.0,0.5,1.1,300.0,1.5,13.200000000000001,1365.6215703498806,1373.1268818995643,7.505311549683711,0.0054958941134481375,True,4.100800077867914,86.09909998540383,0.47218916753033385,3.92580424366872,0,0,10
medium_major_0.50_1.20,中维护价×大维护价,1.0,0.5,1.2,300.0,1.5,14.399999999999999,1366.188197350917,1374.5255310977407,8.33733374682356,0.006102624633260571,True,4.100800077867914,86.09909998540383,0.47218916753033385,3.92580424366872,0,0,10
medium_major_0.50_1.30,中维护价×大维护价,1.0,0.5,1.3,300.0,1.5,15.600000000000001,1366.7548243519532,1375.9241802959173,9.169355943964092,0.006708852078361415,True,4.100800077867914,86.09909998540383,0.47218916753033385,3.92580424366872,0,0,10
medium_major_0.50_1.40,中维护价×大维护价,1.0,0.5,1.4,300.0,1.5,16.799999999999997,1367.3214513529897,1377.322829494094,10.001378141104396,0.007314577074182409,True,4.100800077867914,86.09909998540383,0.47218916753033385,3.92580424366872,0,0,10
medium_major_0.50_1.50,中维护价×大维护价,1.0,0.5,1.5,300.0,1.5,18.0,1367.888078354026,1378.7214786922707,10.8334003382447,0.007919800245119825,True,4.100800077867914,86.09909998540383,0.47218916753033385,3.92580424366872,0,0,10
medium_major_0.60_0.50,中维护价×大维护价,1.0,0.6,0.5,300.0,1.7999999999999998,6.0,1384.477335974458,1387.3876880160224,2.9103520415644653,0.002102130505094926,True,4.117417533838461,79.04169536366277,1.1628373613877443,3.8636550308008215,0,0,10
medium_major_0.60_0.60,中维护价×大维护价,1.0,0.6,0.6,300.0,1.7999999999999998,7.199999999999999,1385.8727408081231,1388.786337214199,2.9135964060758397,0.0021023549423281663,True,4.117417533838461,79.04169536366277,1.1628373613877443,3.8636550308008215,0,0,10
medium_major_0.60_0.70,中维护价×大维护价,1.0,0.6,0.7,300.0,1.7999999999999998,8.399999999999999,1387.2681456417884,1390.1849864123753,2.9168407705869868,0.0021025789280540107,True,4.117417533838461,79.04169536366277,1.1628373613877443,3.8636550308008215,0,0,10
medium_major_0.60_0.80,中维护价×大维护价,1.0,0.6,0.8,300.0,1.7999999999999998,9.600000000000001,1388.5413201447302,1391.5836356105522,3.0423154658219573,0.0021910154358999205,True,4.1104361017605235,81.04838864727623,0.992019797028744,3.8666666666666667,0,0,10
medium_major_0.60_0.90,中维护价×大维护价,1.0,0.6,0.9,300.0,1.7999999999999998,10.8,1389.7317439011647,1392.9822848087288,3.2505409075640728,0.0023389700363606616,True,4.1104361017605235,81.04838864727623,0.992019797028744,3.8666666666666667,0,0,10
medium_major_0.60_1.00,中维护价×大维护价,1.0,0.6,1.0,300.0,1.7999999999999998,12.0,1390.6290446827124,1394.3809340069054,3.7518893241929163,0.0026979799814615202,True,4.106200715425405,85.05697780262591,0.47218916753033385,3.92580424366872,0,0,10
medium_major_0.60_1.10,中维护价×大维护价,1.0,0.6,1.1,300.0,1.7999999999999998,13.200000000000001,1391.1956716837487,1395.7795832050822,4.583911521333448,0.003294943777237023,True,4.106200715425405,85.05697780262591,0.47218916753033385,3.92580424366872,0,0,10
medium_major_0.60_1.20,中维护价×大维护价,1.0,0.6,1.2,300.0,1.7999999999999998,14.399999999999999,1391.762298684785,1397.1782324032586,5.415933718473525,0.0038914214902872283,True,4.106200715425405,85.05697780262591,0.47218916753033385,3.92580424366872,0,0,10
medium_major_0.60_1.30,中维护价×大维护价,1.0,0.6,1.3,300.0,1.7999999999999998,15.600000000000001,1392.3289256858216,1398.5768816014354,6.247955915613829,0.004487413714066354,True,4.106200715425405,85.05697780262591,0.47218916753033385,3.92580424366872,0,0,10
medium_major_0.60_1.40,中维护价×大维护价,1.0,0.6,1.4,300.0,1.7999999999999998,16.799999999999997,1392.895552686858,1399.9755307996118,7.079978112753679,0.005082921041061975,True,4.106200715425405,85.05697780262591,0.47218916753033385,3.92580424366872,0,0,10
medium_major_0.60_1.50,中维护价×大维护价,1.0,0.6,1.5,300.0,1.7999999999999998,18.0,1393.4621796878944,1401.3741799977886,7.912000309894211,0.005677944062799271,True,4.106200715425405,85.05697780262591,0.47218916753033385,3.92580424366872,0,0,10
medium_major_0.70_0.50,中维护价×大维护价,1.0,0.7,0.5,300.0,2.0999999999999996,6.0,1408.1898445835564,1410.0403893215398,1.850544737983455,0.001314130154468424,True,4.117417533838461,79.04169536366277,1.1628373613877443,3.8636550308008215,0,0,10
medium_major_0.70_0.60,中维护价×大维护价,1.0,0.7,0.6,300.0,2.0999999999999996,7.199999999999999,1409.5852494172218,1411.4390385197166,1.8537891024948294,0.0013151308892181293,True,4.117417533838461,79.04169536366277,1.1628373613877443,3.8636550308008215,0,0,10
medium_major_0.70_0.70,中维护价×大维护价,1.0,0.7,0.7,300.0,2.0999999999999996,8.399999999999999,1410.9806542508873,1412.8376877178935,1.8570334670062039,0.001316129644592564,True,4.117417533838461,79.04169536366277,1.1628373613877443,3.8636550308008215,0,0,10
medium_major_0.70_0.80,中维护价×大维护价,1.0,0.7,0.8,300.0,2.0999999999999996,9.600000000000001,1412.3760590845523,1414.2363369160698,1.8602778315175783,0.001317126426458502,True,4.117417533838461,79.04169536366277,1.1628373613877443,3.8636550308008215,0,0,10
medium_major_0.70_0.90,中维护价×大维护价,1.0,0.7,0.9,300.0,2.0999999999999996,10.8,1413.7714639182177,1415.6349861142467,1.8635221960289527,0.0013181212406595524,True,4.117417533838461,79.04169536366277,1.1628373613877443,3.8636550308008215,0,0,10
medium_major_0.70_1.00,中维护价×大维护价,1.0,0.7,1.0,300.0,2.0999999999999996,12.0,1415.1668687518832,1417.033635312423,1.8667665605398724,0.0013191140930159573,True,4.117417533838461,79.04169536366277,1.1628373613877443,3.8636550308008215,0,0,10
medium_major_0.70_1.10,中维护价×大维护价,1.0,0.7,1.1,300.0,2.0999999999999996,13.200000000000001,1416.4271080082162,1418.4322845105999,2.0051765023836197,0.001415658095673772,True,4.1104361017605235,81.04838864727623,0.992019797028744,3.8666666666666667,0,0,10
medium_major_0.70_1.20,中维护价×大维护价,1.0,0.7,1.2,300.0,2.0999999999999996,14.399999999999999,1417.279392025573,1419.8309337087762,2.5515416832031406,0.0018003095914324147,True,4.106200715425405,85.05697780262591,0.47218916753033385,3.92580424366872,0,0,10
medium_major_0.70_1.30,中维护价×大维护价,1.0,0.7,1.3,300.0,2.0999999999999996,15.600000000000001,1417.8460190266092,1421.229582906953,3.3835638803438997,0.002386411383844637,True,4.106200715425405,85.05697780262591,0.47218916753033385,3.92580424366872,0,0,10
medium_major_0.70_1.40,中维护价×大维护价,1.0,0.7,1.4,300.0,2.0999999999999996,16.799999999999997,1418.4126460276457,1422.6282321051294,4.215586077483749,0.002972044904767146,True,4.106200715425405,85.05697780262591,0.47218916753033385,3.92580424366872,0,0,10
medium_major_0.70_1.50,中维护价×大维护价,1.0,0.7,1.5,300.0,2.0999999999999996,18.0,1418.9792730286822,1424.0268813033063,5.047608274624054,0.003557210715171613,True,4.106200715425405,85.05697780262591,0.47218916753033385,3.92580424366872,0,0,10
medium_major_0.80_0.50,中维护价×大维护价,1.0,0.8,0.5,300.0,2.4000000000000004,6.0,1431.9023531926555,1432.6930906270577,0.7907374344022173,0.0005522286017891804,True,4.117417533838461,79.04169536366277,1.1628373613877443,3.8636550308008215,0,0,10
medium_major_0.80_0.60,中维护价×大维护价,1.0,0.8,0.6,300.0,2.4000000000000004,7.199999999999999,1433.297758026321,1434.0917398252345,0.7939817989135918,0.0005539545390812027,True,4.117417533838461,79.04169536366277,1.1628373613877443,3.8636550308008215,0,0,10
medium_major_0.80_0.70,中维护价×大维护价,1.0,0.8,0.7,300.0,2.4000000000000004,8.399999999999999,1434.6931628599862,1435.4903890234111,0.7972261634249662,0.0005556771190264386,True,4.117417533838461,79.04169536366277,1.1628373613877443,3.8636550308008215,0,0,10
medium_major_0.80_0.80,中维护价×大维护价,1.0,0.8,0.8,300.0,2.4000000000000004,9.600000000000001,1436.0885676936514,1436.8890382215877,0.8004705279363407,0.0005573963514115922,True,4.117417533838461,79.04169536366277,1.1628373613877443,3.8636550308008215,0,0,10
medium_major_0.80_0.90,中维护价×大维护价,1.0,0.8,0.9,300.0,2.4000000000000004,10.8,1437.4839725273166,1438.2876874197643,0.8037148924477151,0.0005591122459853667,True,4.117417533838461,79.04169536366277,1.1628373613877443,3.8636550308008215,0,0,10
medium_major_0.80_1.00,中维护价×大维护价,1.0,0.8,1.0,300.0,2.4000000000000004,12.0,1438.8793773609818,1439.6863366179412,0.8069592569593169,0.0005608248124588065,True,4.117417533838461,79.04169536366277,1.1628373613877443,3.8636550308008215,0,0,10
medium_major_0.80_1.10,中维护价×大维护价,1.0,0.8,1.1,300.0,2.4000000000000004,13.200000000000001,1440.2747821946473,1441.0849858161178,0.810203621470464,0.0005625340605046907,True,4.117417533838461,79.04169536366277,1.1628373613877443,3.8636550308008215,0,0,10
medium_major_0.80_1.20,中维护价×大维护价,1.0,0.8,1.2,300.0,2.4000000000000004,14.399999999999999,1441.6701870283125,1442.4836350142941,0.813447985981611,0.0005642399997591377,True,4.117417533838461,79.04169536366277,1.1628373613877443,3.8636550308008215,0,0,10
medium_major_0.80_1.30,中维护价×大维护价,1.0,0.8,1.3,300.0,2.4000000000000004,15.600000000000001,1443.0655918619777,1443.882284212471,0.8166923504932129,0.0005659426398209941,True,4.117417533838461,79.04169536366277,1.1628373613877443,3.8636550308008215,0,0,10
medium_major_0.80_1.40,中维护价×大维护价,1.0,0.8,1.4,300.0,2.4000000000000004,16.799999999999997,1443.9297393684335,1445.2809334106475,1.351194042214047,0.0009357754781095176,True,4.106200715425405,85.05697780262591,0.47218916753033385,3.92580424366872,0,0,10
medium_major_0.80_1.50,中维护价×大维护价,1.0,0.8,1.5,300.0,2.4000000000000004,18.0,1444.49636636947,1446.6795826088241,2.183216239354124,0.0015114030676597117,True,4.106200715425405,85.05697780262591,0.47218916753033385,3.92580424366872,0,0,10
medium_major_0.90_0.50,中维护价×大维护价,1.0,0.9,0.5,300.0,2.7,6.0,1455.1655800040742,1455.3457919325756,0.18021192850142143,0.00012384290212589887,True,4.147040550377261,75.58384841576648,1.1628373613877443,3.8559890485968515,0,0,10
medium_major_0.90_0.60,中维护价×大维护价,1.0,0.9,0.6,300.0,2.7,7.199999999999999,1456.5609848377396,1456.7444411307524,0.18345629301279587,0.00012595167310020517,True,4.147040550377261,75.58384841576648,1.1628373613877443,3.8559890485968515,0,0,10
medium_major_0.90_0.70,中维护价×大维护价,1.0,0.9,0.7,300.0,2.7,8.399999999999999,1457.9563896714046,1458.143090328929,0.18670065752439768,0.00012805640748038866,True,4.147040550377261,75.58384841576648,1.1628373613877443,3.8559890485968515,0,0,10
medium_major_0.90_0.80,中维护价×大维护价,1.0,0.9,0.8,300.0,2.7,9.600000000000001,1459.35179450507,1459.5417395271056,0.18994502203554475,0.00013015711684512878,True,4.147040550377261,75.58384841576648,1.1628373613877443,3.8559890485968515,0,0,10
medium_major_0.90_0.90,中维护价×大维护价,1.0,0.9,0.9,300.0,2.7,10.8,1460.7471993387353,1460.9403887252824,0.19318938654714657,0.00013225381272995173,True,4.147040550377261,75.58384841576648,1.1628373613877443,3.8559890485968515,0,0,10
medium_major_0.90_1.00,中维护价×大维护价,1.0,0.9,1.0,300.0,2.7,12.0,1462.1426041724008,1462.3390379234588,0.19643375105806626,0.00013434650662494808,True,4.147040550377261,75.58384841576648,1.1628373613877443,3.8559890485968515,0,0,10
medium_major_0.90_1.10,中维护价×大维护价,1.0,0.9,1.1,300.0,2.7,13.200000000000001,1463.538009006066,1463.7376871216356,0.19967811556966808,0.00013643520997809661,True,4.147040550377261,75.58384841576648,1.1628373613877443,3.8559890485968515,0,0,10
medium_major_0.90_1.20,中维护价×大维护价,1.0,0.9,1.2,300.0,2.7,14.399999999999999,1464.9334138397314,1465.1363363198122,0.20292248008081515,0.00013851993419205028,True,4.147040550377261,75.58384841576648,1.1628373613877443,3.8559890485968515,0,0,10
medium_major_0.90_1.30,中维护价×大维护价,1.0,0.9,1.3,300.0,2.7,15.600000000000001,1466.3288186733967,1466.5349855179888,0.2061668445921896,0.000140600690627298,True,4.147040550377261,75.58384841576648,1.1628373613877443,3.8559890485968515,0,0,10
medium_major_0.90_1.40,中维护价×大维护价,1.0,0.9,1.4,300.0,2.7,16.799999999999997,1467.7242235070619,1467.9336347161657,0.2094112091037914,0.00014267749060066108,True,4.147040550377261,75.58384841576648,1.1628373613877443,3.8559890485968515,0,0,10
medium_major_0.90_1.50,中维护价×大维护价,1.0,0.9,1.5,300.0,2.7,18.0,1469.119628340727,1469.332283914342,0.21265557361493848,0.00014475034538550058,True,4.147040550377261,75.58384841576648,1.1628373613877443,3.8559890485968515,0,0,10
medium_major_1.00_0.50,中维护价×大维护价,1.0,1.0,0.5,300.0,3.0,6.0,1477.8407345288042,1477.9984932380935,0.1577587092892827,0.00010674946603064275,True,4.147040550377261,75.58384841576648,1.1628373613877443,3.8559890485968515,0,0,10
medium_major_1.00_0.60,中维护价×大维护价,1.0,1.0,0.6,300.0,3.0,7.199999999999999,1479.2361393624692,1479.3971424362703,0.1610030738011119,0.00010884203645166623,True,4.147040550377261,75.58384841576648,1.1628373613877443,3.8559890485968515,0,0,10
medium_major_1.00_0.70,中维护价×大维护价,1.0,1.0,0.7,300.0,3.0,8.399999999999999,1480.6315441961347,1480.7957916344467,0.1642474383120316,0.00011093066263234646,True,4.147040550377261,75.58384841576648,1.1628373613877443,3.8559890485968515,0,0,10
medium_major_1.00_0.80,中维护价×大维护价,1.0,1.0,0.8,300.0,3.0,9.600000000000001,1482.0269490298,1482.1944408326235,0.16749180282340603,0.00011301535571472132,True,4.147040550377261,75.58384841576648,1.1628373613877443,3.8559890485968515,0,0,10
medium_major_1.00_0.90,中维护价×大维护价,1.0,1.0,0.9,300.0,3.0,10.8,1483.422353863465,1483.5930900307999,0.17073616733478048,0.00011509612679767876,True,4.147040550377261,75.58384841576648,1.1628373613877443,3.8559890485968515,0,0,10
medium_major_1.00_1.00,中维护价×大维护价,1.0,1.0,1.0,300.0,3.0,12.0,1484.8177586971306,1484.9917392289767,0.17398053184615492,0.00011717298693869072,True,4.147040550377261,75.58384841576648,1.1628373613877443,3.8559890485968515,0,0,10
medium_major_1.00_1.10,中维护价×大维护价,1.0,1.0,1.1,300.0,3.0,13.200000000000001,1486.213163530796,1486.3903884271535,0.17722489635752936,0.00011924594715370186,True,4.147040550377261,75.58384841576648,1.1628373613877443,3.8559890485968515,0,0,10
medium_major_1.00_1.20,中维护价×大维护价,1.0,1.0,1.2,300.0,3.0,14.399999999999999,1487.6085683644615,1487.78903762533,0.18046926086844906,0.00012131501841701843,True,4.147040550377261,75.58384841576648,1.1628373613877443,3.8559890485968515,0,0,10
medium_major_1.00_1.30,中维护价×大维护价,1.0,1.0,1.3,300.0,3.0,15.600000000000001,1489.0039731981265,1489.1876868235067,0.18371362538027824,0.0001233802116630305,True,4.147040550377261,75.58384841576648,1.1628373613877443,3.8559890485968515,0,0,10
medium_major_1.00_1.40,中维护价×大维护价,1.0,1.0,1.4,300.0,3.0,16.799999999999997,1490.3993780317915,1490.586336021683,0.1869579898916527,0.00012544153778334757,True,4.147040550377261,75.58384841576648,1.1628373613877443,3.8559890485968515,0,0,10
medium_major_1.00_1.50,中维护价×大维护价,1.0,1.0,1.5,300.0,3.0,18.0,1491.794782865457,1491.9849852198595,0.19020235440257238,0.00012749900762974213,True,4.147040550377261,75.58384841576648,1.1628373613877443,3.8559890485968515,0,0,10
medium_major_1.10_0.50,中维护价×大维护价,1.0,1.1,0.5,300.0,3.3000000000000003,6.0,1499.9614466870203,1500.6511945436116,0.6897478565913389,0.0004598437233935524,True,4.187492926899608,69.30370730795003,2.501889083483747,3.788637919233402,0,0,10
medium_major_1.10_0.60,中维护价×大维护价,1.0,1.1,0.6,300.0,3.3000000000000003,7.199999999999999,1501.9040399556636,1502.049843741788,0.14580378612436107,9.707929551122668e-05,True,4.158273256473192,74.52375290724272,1.1796775583062504,3.840109514031485,0,0,10
medium_major_1.10_0.70,中维护价×大维护价,1.0,1.1,0.7,300.0,3.3000000000000003,8.399999999999999,1503.3066987208647,1503.4484929399646,0.14179421909989287,9.432155076575053e-05,True,4.147040550377261,75.58384841576648,1.1628373613877443,3.8559890485968515,0,0,10
medium_major_1.10_0.80,中维护价×大维护价,1.0,1.1,0.8,300.0,3.3000000000000003,9.600000000000001,1504.70210355453,1504.8471421381414,0.1450385836114947,9.639023117524242e-05,True,4.147040550377261,75.58384841576648,1.1628373613877443,3.8559890485968515,0,0,10
medium_major_1.10_0.90,中维护价×大维护价,1.0,1.1,0.9,300.0,3.3000000000000003,10.8,1506.0975083881954,1506.245791336318,0.14828294812264176,9.845507830454623e-05,True,4.147040550377261,75.58384841576648,1.1628373613877443,3.8559890485968515,0,0,10
medium_major_1.10_1.00,中维护价×大维护价,1.0,1.1,1.0,300.0,3.3000000000000003,12.0,1507.4929132218606,1507.6444405344946,0.1515273126340162,0.0001005161027988963,True,4.147040550377261,75.58384841576648,1.1628373613877443,3.8559890485968515,0,0,10
medium_major_1.10_1.10,中维护价×大维护价,1.0,1.1,1.1,300.0,3.3000000000000003,13.200000000000001,1508.888318055526,1509.0430897326712,0.15477167714516327,0.00010257331526339497,True,4.147040550377261,75.58384841576648,1.1628373613877443,3.8559890485968515,0,0,10
medium_major_1.10_1.20,中维护价×大维护价,1.0,1.1,1.2,300.0,3.3000000000000003,14.399999999999999,1510.2837228891913,1510.4417389308478,0.1580160416565377,0.00010462672626455319,True,4.147040550377261,75.58384841576648,1.1628373613877443,3.8559890485968515,0,0,10
medium_major_1.10_1.30,中维护价×大维护价,1.0,1.1,1.3,300.0,3.3000000000000003,15.600000000000001,1511.6791277228563,1511.8403881290244,0.16126040616813953,0.00010667634632956592,True,4.147040550377261,75.58384841576648,1.1628373613877443,3.8559890485968515,0,0,10
medium_major_1.10_1.40,中维护价×大维护价,1.0,1.1,1.4,300.0,3.3000000000000003,16.799999999999997,1513.0745325565217,1513.239037327201,0.1645047706792866,0.00010872218594634328,True,4.147040550377261,75.58384841576648,1.1628373613877443,3.8559890485968515,0,0,10
medium_major_1.10_1.50,中维护价×大维护价,1.0,1.1,1.5,300.0,3.3000000000000003,18.0,1514.469937390187,1514.6376865253776,0.16774913519066104,0.0001107642555650428,True,4.147040550377261,75.58384841576648,1.1628373613877443,3.8559890485968515,0,0,10
medium_major_1.20_0.50,中维护价×大维护价,1.0,1.2,0.5,300.0,3.5999999999999996,6.0,1520.7525588794051,1523.3038958491293,2.5513369697241615,0.001677680537065255,True,4.187492926899608,69.30370730795003,2.501889083483747,3.788637919233402,0,0,10
medium_major_1.20_0.60,中维护价×大维护价,1.0,1.2,0.6,300.0,3.5999999999999996,7.199999999999999,1523.7548257795852,1524.7025450473056,0.9477192677204584,0.000621963095168926,True,4.187492926899608,69.30370730795003,2.501889083483747,3.788637919233402,0,0,10
medium_major_1.20_0.70,中维护价×大维护价,1.0,1.2,0.7,300.0,3.5999999999999996,8.399999999999999,1525.676778897804,1526.1011942454825,0.42441534767840494,0.0002781816919210212,True,4.158273256473192,74.52375290724272,1.1796775583062504,3.840109514031485,0,0,10
medium_major_1.20_0.80,中维护价×大维护价,1.0,1.2,0.8,300.0,3.5999999999999996,9.600000000000001,1527.0923919677716,1527.4998434436588,0.4074514758872283,0.00026681520910610846,True,4.158273256473192,74.52375290724272,1.1796775583062504,3.840109514031485,0,0,10
medium_major_1.20_0.90,中维护价×大维护价,1.0,1.2,0.9,300.0,3.5999999999999996,10.8,1528.5080050377387,1528.8984926418357,0.39048760409696115,0.00025546978021048707,True,4.158273256473192,74.52375290724272,1.1796775583062504,3.840109514031485,0,0,10
medium_major_1.20_1.00,中维护价×大维护价,1.0,1.2,1.0,300.0,3.5999999999999996,12.0,1529.9236181077063,1530.2971418400125,0.37352373230623925,0.0002441453467907332,True,4.158273256473192,74.52375290724272,1.1796775583062504,3.840109514031485,0,0,10
medium_major_1.20_1.10,中维护价×大维护价,1.0,1.2,1.1,300.0,3.5999999999999996,13.200000000000001,1531.3392311776738,1531.6957910381889,0.3565598605150626,0.00023284185062042123,True,4.158273256473192,74.52375290724272,1.1796775583062504,3.840109514031485,0,0,10
medium_major_1.20_1.20,中维护价×大维护价,1.0,1.2,1.2,300.0,3.5999999999999996,14.399999999999999,1532.7548442476414,1533.0944402363652,0.33959598872388597,0.00022155923368852765,True,4.158273256473192,74.52375290724272,1.1796775583062504,3.840109514031485,0,0,10
medium_major_1.20_1.30,中维护价×大维护价,1.0,1.2,1.3,300.0,3.5999999999999996,15.600000000000001,1534.170457317609,1534.493089434542,0.32263211693316407,0.00021029743819814132,True,4.158273256473192,74.52375290724272,1.1796775583062504,3.840109514031485,0,0,10
medium_major_1.20_1.40,中维护价×大维护价,1.0,1.2,1.4,300.0,3.5999999999999996,16.799999999999997,1535.5860703875765,1535.8917386327184,0.3056682451419874,0.00019905640656458799,True,4.158273256473192,74.52375290724272,1.1796775583062504,3.840109514031485,0,0,10
medium_major_1.20_1.50,中维护价×大维护价,1.0,1.2,1.5,300.0,3.5999999999999996,18.0,1537.001683457544,1537.2903878308953,0.28870437335126553,0.0001878360814165239,True,4.158273256473192,74.52375290724272,1.1796775583062504,3.840109514031485,0,0,10
medium_major_1.30_0.50,中维护价×大维护价,1.0,1.3,0.5,300.0,3.9000000000000004,6.0,1541.54367107179,1545.9565971546472,4.412926082857211,0.00286266692645109,True,4.187492926899608,69.30370730795003,2.501889083483747,3.788637919233402,0,0,10
medium_major_1.30_0.60,中维护价×大维护价,1.0,1.3,0.6,300.0,3.9000000000000004,7.199999999999999,1544.5459379719705,1547.3552463528238,2.809308380853281,0.0018188571228525434,True,4.187492926899608,69.30370730795003,2.501889083483747,3.788637919233402,0,0,10
medium_major_1.30_0.70,中维护价×大维护价,1.0,1.3,0.7,300.0,3.9000000000000004,8.399999999999999,1547.548204872151,1548.7538955510001,1.2056906788491233,0.0007790973328347662,True,4.187492926899608,69.30370730795003,2.501889083483747,3.788637919233402,0,0,10
medium_major_1.30_0.80,中维护价×大维护价,1.0,1.3,0.8,300.0,3.9000000000000004,9.600000000000001,1549.4495178399443,1550.152544749177,0.7030269092326762,0.0004537268888971301,True,4.158273256473192,74.52375290724272,1.1796775583062504,3.840109514031485,0,0,10
medium_major_1.30_0.90,中维护价×大维护价,1.0,1.3,0.9,300.0,3.9000000000000004,10.8,1550.8651309099118,1551.5511939473536,0.6860630374417269,0.0004423744036589469,True,4.158273256473192,74.52375290724272,1.1796775583062504,3.840109514031485,0,0,10
medium_major_1.30_1.00,中维护价×大维护价,1.0,1.3,1.0,300.0,3.9000000000000004,12.0,1552.2807439798794,1552.9498431455302,0.6690991656507776,0.00043104262437429974,True,4.158273256473192,74.52375290724272,1.1796775583062504,3.840109514031485,0,0,10
medium_major_1.30_1.10,中维护价×大维护价,1.0,1.3,1.1,300.0,3.9000000000000004,13.200000000000001,1553.696357049847,1554.348492343707,0.6521352938600558,0.00041973149444613997,True,4.158273256473192,74.52375290724272,1.1796775583062504,3.840109514031485,0,0,10
medium_major_1.30_1.20,中维护价×大维护价,1.0,1.3,1.2,300.0,3.9000000000000004,14.399999999999999,1555.1119701198143,1555.7471415418834,0.6351714220691065,0.00040844095748306114,True,4.158273256473192,74.52375290724272,1.1796775583062504,3.840109514031485,0,0,10
medium_major_1.30_1.30,中维护价×大维护价,1.0,1.3,1.3,300.0,3.9000000000000004,15.600000000000001,1556.5275831897816,1557.1457907400597,0.6182075502781572,0.0003971709572992395,True,4.158273256473192,74.52375290724272,1.1796775583062504,3.840109514031485,0,0,10
medium_major_1.30_1.40,中维护价×大维护价,1.0,1.3,1.4,300.0,3.9000000000000004,16.799999999999997,1557.9431962597494,1558.5444399382366,0.6012436784872079,0.00038592143791291676,True,4.158273256473192,74.52375290724272,1.1796775583062504,3.840109514031485,0,0,10
medium_major_1.30_1.50,中维护价×大维护价,1.0,1.3,1.5,300.0,3.9000000000000004,18.0,1559.358809329717,1559.9430891364132,0.5842798066962587,0.0003746923435456196,True,4.158273256473192,74.52375290724272,1.1796775583062504,3.840109514031485,0,0,10
medium_major_1.40_0.50,中维护价×大维护价,1.0,1.4,0.5,300.0,4.199999999999999,6.0,1562.3347832641753,1568.609298460165,6.274515195989807,0.0040161143841913995,True,4.187492926899608,69.30370730795003,2.501889083483747,3.788637919233402,0,0,10
medium_major_1.40_0.60,中维护价×大维护价,1.0,1.4,0.6,300.0,4.199999999999999,7.199999999999999,1565.3370501643558,1570.0079476583414,4.670897493985649,0.002983956390411393,True,4.187492926899608,69.30370730795003,2.501889083483747,3.788637919233402,0,0,10
medium_major_1.40_0.70,中维护价×大维护价,1.0,1.4,0.7,300.0,4.199999999999999,8.399999999999999,1568.339317064536,1571.406596856518,3.067279791981946,0.001955750110073743,True,4.187492926899608,69.30370730795003,2.501889083483747,3.788637919233402,0,0,10
medium_major_1.40_0.80,中维护价×大维护价,1.0,1.4,0.8,300.0,4.199999999999999,9.600000000000001,1571.3415839647168,1572.8052460546946,1.4636620899777881,0.0009314728922814872,True,4.187492926899608,69.30370730795003,2.501889083483747,3.788637919233402,0,0,10
medium_major_1.40_0.90,中维护价×大维护价,1.0,1.4,0.9,300.0,4.199999999999999,10.8,1573.2222567820847,1574.2038952528712,0.9816384707864927,0.0006239668086023427,True,4.158273256473192,74.52375290724272,1.1796775583062504,3.840109514031485,0,0,10
medium_major_1.40_1.00,中维护价×大维护价,1.0,1.4,1.0,300.0,4.199999999999999,12.0,1574.637869852052,1575.602544451048,0.9646745989959982,0.0006126326677807107,True,4.158273256473192,74.52375290724272,1.1796775583062504,3.840109514031485,0,0,10
medium_major_1.40_1.10,中维护价×大维护价,1.0,1.4,1.1,300.0,4.199999999999999,13.200000000000001,1576.0534829220194,1577.0011936492244,0.9477107272050489,0.000601318887635706,True,4.158273256473192,74.52375290724272,1.1796775583062504,3.840109514031485,0,0,10
medium_major_1.40_1.20,中维护价×大维护价,1.0,1.4,1.2,300.0,4.199999999999999,14.399999999999999,1577.469095991987,1578.399842847401,0.9307468554140996,0.0005900254133529013,True,4.158273256473192,74.52375290724272,1.1796775583062504,3.840109514031485,0,0,10
medium_major_1.40_1.30,中维护价×大维护价,1.0,1.4,1.3,300.0,4.199999999999999,15.600000000000001,1578.8847090619545,1579.7984920455779,0.9137829836233777,0.0005787521903143096,True,4.158273256473192,74.52375290724272,1.1796775583062504,3.840109514031485,0,0,10
medium_major_1.40_1.40,中维护价×大维护价,1.0,1.4,1.4,300.0,4.199999999999999,16.799999999999997,1580.300322131922,1581.1971412437545,0.8968191118324285,0.000567499164097217,True,4.158273256473192,74.52375290724272,1.1796775583062504,3.840109514031485,0,0,10
medium_major_1.40_1.50,中维护价×大维护价,1.0,1.4,1.5,300.0,4.199999999999999,18.0,1581.7159352018896,1582.595790441931,0.8798552400414792,0.0005562662804741705,True,4.158273256473192,74.52375290724272,1.1796775583062504,3.840109514031485,0,0,10
medium_major_1.50_0.50,中维护价×大维护价,1.0,1.5,0.5,300.0,4.5,6.0,1583.12589545656,1591.2619997656825,8.136104309122402,0.005139265507861596,True,4.187492926899608,69.30370730795003,2.501889083483747,3.788637919233402,0,0,10
medium_major_1.50_0.60,中维护价×大维护价,1.0,1.5,0.6,300.0,4.5,7.199999999999999,1586.1281623567406,1592.6606489638593,6.532486607118699,0.004118511203667449,True,4.187492926899608,69.30370730795003,2.501889083483747,3.788637919233402,0,0,10
medium_major_1.50_0.70,中维护价×大维护价,1.0,1.5,0.7,300.0,4.5,8.399999999999999,1589.1304292569212,1594.0592981620357,4.928868905114541,0.0031016138224848446,True,4.187492926899608,69.30370730795003,2.501889083483747,3.788637919233402,0,0,10
medium_major_1.50_0.80,中维护价×大维护价,1.0,1.5,0.8,300.0,4.5,9.600000000000001,1592.1326961571017,1595.4579473602125,3.325251203110838,0.0020885515454440004,True,4.187492926899608,69.30370730795003,2.501889083483747,3.788637919233402,0,0,10
medium_major_1.50_0.90,中维护价×大维护价,1.0,1.5,0.9,300.0,4.5,10.8,1595.1349630572822,1596.856596558389,1.7216335011066803,0.0010793027179386422,True,4.187492926899608,69.30370730795003,2.501889083483747,3.788637919233402,0,0,10
medium_major_1.50_1.00,中维护价×大维护价,1.0,1.5,1.0,300.0,4.5,12.0,1596.9949957242252,1598.2552457565657,1.2602500323405366,0.0007891383728281645,True,4.158273256473192,74.52375290724272,1.1796775583062504,3.840109514031485,0,0,10
medium_major_1.50_1.10,中维护价×大维护价,1.0,1.5,1.1,300.0,4.5,13.200000000000001,1598.4106087941923,1599.6538949547426,1.2432861605502694,0.0007778265194874918,True,4.158273256473192,74.52375290724272,1.1796775583062504,3.840109514031485,0,0,10
medium_major_1.50_1.20,中维护价×大维护价,1.0,1.5,1.2,300.0,4.5,14.399999999999999,1599.8262218641598,1601.052544152919,1.2263222887590928,0.0007665346848297996,True,4.158273256473192,74.52375290724272,1.1796775583062504,3.840109514031485,0,0,10
medium_major_1.50_1.30,中维护价×大维护价,1.0,1.5,1.3,300.0,4.5,15.600000000000001,1601.2418349341274,1602.4511933510958,1.2093584169683709,0.0007552628157620688,True,4.158273256473192,74.52375290724272,1.1796775583062504,3.840109514031485,0,0,10
medium_major_1.50_1.40,中维护价×大维护价,1.0,1.5,1.4,300.0,4.5,16.799999999999997,1602.657448004095,1603.8498425492721,1.1923945451771942,0.0007440108593774479,True,4.158273256473192,74.52375290724272,1.1796775583062504,3.840109514031485,0,0,10
medium_major_1.50_1.50,中维护价×大维护价,1.0,1.5,1.5,300.0,4.5,18.0,1604.0730610740625,1605.248491747449,1.1754306733864723,0.0007327787629569829,True,4.158273256473192,74.52375290724272,1.1796775583062504,3.840109514031485,0,0,10
